date,gdp_growth,const,q_2,q_3,q_4,freshwater_withdraw_roll4_std,population_density_roll4_std,inflation_roll4_std,imports_roll4_std,renewable_energy_lag1,population_density_lag2,imports_lag1,imports_lag3,policy_rate_lag3,renewable_energy_roll4_mean_lag4,renewable_energy_roll4_std_lag1,renewable_energy_roll4_std_lag3,forest_area_roll4_std_lag2,forest_area_roll4_std_lag4,freshwater_withdraw_roll4_mean_lag4,freshwater_withdraw_roll4_std_lag2,freshwater_withdraw_roll4_std_lag4,imports_roll4_mean_lag4,imports_roll4_std_lag2,policy_rate_roll4_mean_lag4,policy_rate_roll4_std_lag4,exchange_rate_roll4_std_lag1,exchange_rate_roll4_std_lag3
1972-03-31,3.80585566810947,1.0,0.0,0.0,0.0,0.0,0.004152856965795237,0.0,0.0,0.0,0.7542872726767769,0.0,0.0,0.0,0.0,0.0,0.0,0.0,0.0,0.0,0.0,0.0,0.0,0.0,0.0,0.0,0.0,0.0
1972-06-30,3.80585566810947,1.0,1.0,0.0,0.0,0.0,0.003332264210308074,0.0,0.0,0.0,0.7542872726767484,0.0,0.0,0.0,0.0,0.0,0.0,0.0,0.0,0.0,0.0,0.0,0.0,0.0,0.0,0.0,0.0,0.0
1972-09-30,3.80585566810947,1.0,0.0,1.0,0.0,0.0,0.004162941243585234,0.0,0.0,0.0,0.7485156217602764,0.0,0.0,0.0,0.0,0.0,0.0,0.0,0.0,0.0,0.0,0.0,0.0,0.0,0.0,0.0,0.0,0.0
1972-12-31,3.80585566810947,1.0,0.0,0.0,1.0,0.0,0.004748963689184694,0.0,0.0,0.0,0.748515621760248,0.0,0.0,0.0,0.0,0.0,0.0,0.0,0.0,0.0,0.0,0.0,0.0,0.0,0.0,0.0,0.0,0.0
1973-03-31,3.80585566810947,1.0,0.0,0.0,0.0,0.0,0.006759730192300327,0.0,0.0,0.0,0.7567410681532181,0.0,0.0,0.0,0.0,0.0,0.0,0.0,0.0,0.0,0.0,0.0,0.0,0.0,0.0,0.0,0.0,0.0
1973-06-30,3.80585566810947,1.0,1.0,0.0,0.0,0.0,0.006530391553820905,0.0,0.0,0.0,0.7567410681532465,0.0,0.0,0.0,0.0,0.0,0.0,0.0,0.0,0.0,0.0,0.0,0.0,0.0,0.0,0.0,0.0,0.0
1973-09-30,3.80585566810947,1.0,0.0,1.0,0.0,0.0,0.007290998192781938,0.0,0.0,0.0,0.7429251661456533,0.0,0.0,0.0,0.0,0.0,0.0,0.0,0.0,0.0,0.0,0.0,0.0,0.0,0.0,0.0,0.0,0.0
1973-12-31,3.80585566810947,1.0,0.0,0.0,1.0,0.0,0.007903296590021562,0.0,0.0,0.0,0.7511798902139049,0.0,0.0,0.0,0.0,0.0,0.0,0.0,0.0,0.0,0.0,0.0,0.0,0.0,0.0,0.0,0.0,0.0
1974-03-31,3.80585566810947,1.0,0.0,0.0,0.0,0.0,0.004298638568563304,0.0,0.0,0.0,0.7594346142822133,0.0,0.0,0.0,0.0,0.0,0.0,0.0,0.0,0.0,0.0,0.0,0.0,0.0,0.0,0.0,0.0,0.0
1974-06-30,3.80585566810947,1.0,1.0,0.0,0.0,0.0,0.004544446626277361,0.0,0.0,0.0,0.7594346142822133,0.0,0.0,0.0,0.0,0.0,0.0,0.0,0.0,0.0,0.0,0.0,0.0,0.0,0.0,0.0,0.0,0.0
1974-09-30,3.80585566810947,1.0,0.0,1.0,0.0,0.0,0.008332739988754055,0.0,0.0,0.0,0.7603359655433337,0.0,0.0,0.0,0.0,0.0,0.0,0.0,0.0,0.0,0.0,0.0,0.0,0.0,0.0,0.0,0.0,0.0
1974-12-31,3.80585566810947,1.0,0.0,0.0,1.0,0.0,0.008088514049040846,0.0,0.0,0.0,0.7687841429382729,0.0,0.0,0.0,0.0,0.0,0.0,0.0,0.0,0.0,0.0,0.0,0.0,0.0,0.0,0.0,0.0,0.0
1975-03-31,3.80585566810947,1.0,0.0,0.0,0.0,0.0,0.018280695787727005,0.0,0.0,0.0,0.7772323203332121,0.0,0.0,0.0,0.0,0.0,0.0,0.0,0.0,0.0,0.0,0.0,0.0,0.0,0.0,0.0,0.0,0.0
1975-06-30,3.80585566810947,1.0,1.0,0.0,0.0,0.0,0.021884985005597983,0.0,0.0,0.0,0.7772323203331837,0.0,0.0,0.0,0.0,0.0,0.0,0.0,0.0,0.0,0.0,0.0,0.0,0.0,0.0,0.0,0.0,0.0
1975-09-30,3.80585566810947,1.0,0.0,1.0,0.0,0.0,0.022186745751158577,0.0,0.0,0.0,0.8100995043511148,0.0,0.0,0.0,0.0,0.0,0.0,0.0,0.0,0.0,0.0,0.0,0.0,0.0,0.0,0.0,0.0,0.0
1975-12-31,3.80585566810947,1.0,0.0,0.0,1.0,0.0,0.008617902504956997,0.0,0.0,0.0,0.8191006099550293,0.0,0.0,0.0,0.0,0.0,0.0,0.0,0.0,0.0,0.0,0.0,0.0,0.0,0.0,0.0,0.0,0.0
1976-03-31,3.80585566810947,1.0,0.0,0.0,0.0,0.0,0.046742267113361206,0.0,0.0,0.0,0.8281017155589439,0.0,0.0,0.0,0.0,0.0,0.0,0.0,0.0,0.0,0.0,0.0,0.0,0.0,0.0,0.0,0.0,0.0
1976-06-30,3.80585566810947,1.0,1.0,0.0,0.0,0.0,0.05201821067673273,0.0,0.0,0.0,0.8281017155589154,0.0,0.0,0.0,0.0,0.0,0.0,0.0,0.0,0.0,0.0,0.0,0.0,0.0,0.0,0.0,0.0,0.0
1976-09-30,3.80585566810947,1.0,0.0,1.0,0.0,0.0,0.046972225850113056,0.0,0.0,0.0,0.9181998993698528,0.0,0.0,0.0,0.0,0.0,0.0,0.0,0.0,0.0,0.0,0.0,0.0,0.0,0.0,0.0,0.0,0.0
1976-12-31,3.80585566810947,1.0,0.0,0.0,1.0,0.0,0.005825527022765086,0.0,0.0,0.0,0.9181998993698528,0.0,0.0,0.0,0.0,0.0,0.0,0.0,0.0,0.0,0.0,0.0,0.0,0.0,0.0,0.0,0.0,0.0
1977-03-31,3.80585566810947,1.0,0.0,0.0,0.0,0.0,0.01915917450153918,0.0,0.0,0.0,0.9282900081541641,0.0,0.0,0.0,0.0,0.0,0.0,0.0,0.0,0.0,0.0,0.0,0.0,0.0,0.0,0.0,0.0,0.0
1977-06-30,3.80585566810947,1.0,1.0,0.0,0.0,0.0,0.02299234354234355,0.0,0.0,0.0,0.9282900081541356,0.0,0.0,0.0,0.0,0.0,0.0,0.0,0.0,0.0,0.0,0.0,0.0,0.0,0.0,0.0,0.0,0.0
1977-09-30,3.80585566810947,1.0,0.0,1.0,0.0,0.0,0.023874855892077728,0.0,0.0,0.0,0.9620453377563365,0.0,0.0,0.0,0.0,0.0,0.0,0.0,0.0,0.0,0.0,0.0,0.0,0.0,0.0,0.0,0.0,0.0
1977-12-31,3.80585566810947,1.0,0.0,0.0,1.0,0.0,0.010234314280643256,0.0,0.0,0.0,0.9727347303980594,0.0,0.0,0.0,0.0,0.0,0.0,0.0,0.0,0.0,0.0,0.0,0.0,0.0,0.0,0.0,0.0,0.0
1978-03-31,3.80585566810947,1.0,0.0,0.0,0.0,0.0,0.005060226962127873,0.0,0.0,0.0,0.9834241230397822,0.0,0.0,0.0,0.0,0.0,0.0,0.0,0.0,0.0,0.0,0.0,0.0,0.0,0.0,0.0,0.0,0.0
1978-06-30,3.80585566810947,1.0,1.0,0.0,0.0,0.0,0.004735727512714915,0.0,0.0,0.0,0.9834241230398106,0.0,0.0,0.0,0.0,0.0,0.0,0.0,0.0,0.0,0.0,0.0,0.0,0.0,0.0,0.0,0.0,0.0
1978-09-30,3.80585566810947,1.0,0.0,1.0,0.0,0.0,0.009809621158179743,0.0,0.0,0.0,0.980786397073814,0.0,0.0,0.0,0.0,0.0,0.0,0.0,0.0,0.0,0.0,0.0,0.0,0.0,0.0,0.0,0.0,0.0
1978-12-31,3.80585566810947,1.0,0.0,0.0,1.0,0.0,0.01043368314974665,0.0,0.0,0.0,0.9916840237079612,0.0,0.0,0.0,0.0,0.0,0.0,0.0,0.0,0.0,0.0,0.0,0.0,0.0,0.0,0.0,0.0,0.0
1979-03-31,3.80585566810947,1.0,0.0,0.0,0.0,0.0,0.07214918240000227,0.0,0.0,0.0,1.0025816503421368,0.0,0.0,0.0,0.0,0.0,0.0,0.0,0.0,0.0,0.0,0.0,0.0,0.0,0.0,0.0,0.0,0.0
1979-06-30,3.80585566810947,1.0,1.0,0.0,0.0,0.0,0.08254519487607234,0.0,0.0,0.0,1.0025816503421083,0.0,0.0,0.0,0.0,0.0,0.0,0.0,0.0,0.0,0.0,0.0,0.0,0.0,0.0,0.0,0.0,0.0
1979-09-30,3.80585566810947,1.0,0.0,1.0,0.0,0.0,0.06946667379611957,0.0,0.0,0.0,0.8550169880858505,0.0,0.0,0.0,0.0,0.0,0.0,0.0,0.0,0.0,0.0,0.0,0.0,0.0,0.0,0.0,0.0,0.0
1979-12-31,3.80585566810947,1.0,0.0,0.0,1.0,0.0,0.009095738244283579,0.0,0.0,0.0,0.8645171768423836,0.0,0.0,0.0,0.0,0.0,0.0,0.0,0.0,0.0,0.0,0.0,0.0,0.0,0.0,0.0,0.0,0.0
1980-03-31,3.80585566810947,1.0,0.0,0.0,0.0,0.0,0.011647839371276284,0.0,0.0,0.0,0.8740173655988599,0.0,0.0,0.0,0.0,0.0,0.0,0.0,0.0,0.0,0.0,0.0,0.0,0.0,0.0,0.0,0.0,0.0
1980-06-30,3.80585566810947,1.0,1.0,0.0,0.0,0.0,0.014244205728647671,0.0,0.0,0.0,0.8740173655988883,0.0,0.0,0.0,0.0,0.0,0.0,0.0,0.0,0.0,0.0,0.0,0.0,0.0,0.0,0.0,0.0,0.0
1980-09-30,3.80585566810947,1.0,0.0,1.0,0.0,0.0,0.011643569868047703,0.0,0.0,0.0,0.8493456775634058,0.0,0.0,0.0,0.0,0.0,0.0,0.0,0.0,0.0,0.0,0.0,0.0,0.0,0.0,0.0,0.0,0.0
1980-12-31,3.80585566810947,1.0,0.0,0.0,1.0,0.0,0.005388680830512996,0.0,0.0,0.0,0.8493456775633774,0.0,0.0,0.0,0.0,0.0,0.0,0.0,0.0,0.0,0.0,0.0,0.0,0.0,0.0,0.0,0.0,0.0
1981-03-31,3.80585566810947,1.0,0.0,0.0,0.0,0.050835326016119176,0.04515796340075425,0.0,0.0,0.0,0.8586791465476153,0.0,0.0,0.0,0.0,0.0,0.0,0.0,0.0,0.0,0.0,0.0,0.0,0.0,0.0,0.0,0.0,0.0
1981-06-30,3.80585566810947,1.0,1.0,0.0,0.0,0.059027488766345386,0.05330495447594766,0.0,0.0,0.0,0.8586791465476153,0.0,0.0,0.0,0.0,0.0,0.0,0.0,0.0,0.0,0.0,0.0,0.0,0.0,0.0,0.0,0.0,0.0
1981-09-30,3.80585566810947,1.0,0.0,1.0,0.0,0.05140843830504818,0.049390541326709635,0.0,0.0,0.0,0.9454542087651703,0.0,0.0,0.0,0.0,0.0,0.0,0.0,0.0,0.0,0.050835326016119176,0.0,0.0,0.0,0.0,0.0,0.0,0.0
1981-12-31,3.80585566810947,1.0,0.0,0.0,1.0,0.001081580425765403,0.010057816540155941,0.0,0.0,0.0,0.9559592555292511,0.0,0.0,0.0,0.0,0.0,0.0,0.0,0.0,0.0,0.059027488766345386,0.0,0.0,0.0,0.0,0.0,0.0,0.0
1982-03-31,3.80585566810947,1.0,0.0,0.0,0.0,0.001081580425765403,0.0050095142150016325,0.0,0.0,0.0,0.9664643022932751,0.0,0.0,0.0,0.0,0.0,0.0,0.0,0.0,0.025417663008059588,0.05140843830504818,0.050835326016119176,0.0,0.0,0.0,0.0,0.0,0.0
1982-06-30,3.80585566810947,1.0,1.0,0.0,0.0,0.001081580425765403,0.004787782429980517,0.0,0.0,0.0,0.9664643022933035,0.0,0.0,0.0,0.0,0.0,0.0,0.0,0.0,0.05111774449398654,0.001081580425765403,0.059027488766345386,0.0,0.0,0.0,0.0,0.0,0.0
1982-09-30,3.80585566810947,1.0,0.0,1.0,0.0,0.001081580425765867,0.009777539413269793,0.0,0.0,0.0,0.9644748044782148,0.0,0.0,0.0,0.0,0.0,0.0,0.0,0.0,0.07710024445778041,0.001081580425765403,0.05140843830504818,0.0,0.0,0.0,0.0,0.0,0.0
1982-12-31,3.80585566810947,1.0,0.0,0.0,1.0,0.001081580425765867,0.010260159139502836,0.0,0.0,0.0,0.9751911911946536,0.0,0.0,0.0,0.0,0.0,0.0,0.0,0.0,0.10308274442157472,0.001081580425765403,0.001081580425765403,0.0,0.0,0.0,0.0,0.0,0.0
1983-03-31,3.80585566810947,1.0,0.0,0.0,0.0,0.001081580425765867,0.012403480724458965,0.0,0.0,0.0,0.985907577911064,0.0,0.0,0.0,0.0,0.0,0.0,0.0,0.0,0.10308274442157472,0.001081580425765867,0.001081580425765403,0.0,0.0,0.0,0.0,0.0,0.0
1983-06-30,3.80585566810947,1.0,1.0,0.0,0.0,0.001081580425765867,0.01495354968062785,0.0,0.0,0.0,0.985907577911064,0.0,0.0,0.0,0.0,0.0,0.0,0.0,0.0,0.10308274442157472,0.001081580425765867,0.001081580425765403,0.0,0.0,0.0,0.0,0.0,0.0
1983-09-30,3.80585566810947,1.0,0.0,1.0,0.0,0.001081580425765867,0.017660804149461105,0.0,0.0,0.0,1.0049916732494921,0.0,0.0,0.0,0.0,0.0,0.0,0.0,0.0,0.10308274442157517,0.001081580425765867,0.001081580425765867,0.0,0.0,0.0,0.0,0.0,0.0
1983-12-31,3.80585566810947,1.0,0.0,0.0,1.0,0.001081580425765867,0.010691180789312566,0.0,0.0,0.0,1.0161582473966746,0.0,0.0,0.0,0.0,0.0,0.0,0.0,0.0,0.10308274442157517,0.001081580425765867,0.001081580425765867,0.0,0.0,0.0,0.0,0.0,0.0
1984-03-31,3.80585566810947,1.0,0.0,0.0,0.0,0.0007422103704966923,0.011965476422187172,0.0,0.0,0.0,1.027324821543914,0.0,0.0,0.0,0.0,0.0,0.0,0.0,0.0,0.10308274442157517,0.001081580425765867,0.001081580425765867,0.0,0.0,0.0,0.0,0.0,0.0
1984-06-30,3.80585566810947,1.0,1.0,0.0,0.0,0.0008143809135545267,0.01025868880351965,0.0,0.0,0.0,1.027324821543914,0.0,0.0,0.0,0.0,0.0,0.0,0.0,0.0,0.10308274442157517,0.001081580425765867,0.001081580425765867,0.0,0.0,0.0,0.0,0.9106209478899617,0.0
1984-09-30,3.80585566810947,1.0,0.0,1.0,0.0,0.0007415260231670943,0.0120795220681278,0.0,0.0,0.0,1.0450933917706493,0.0,0.0,0.0,0.0,0.0,0.0,0.0,0.0,0.10308274442157517,0.0007422103704966923,0.001081580425765867,0.0,0.0,0.0,0.0,1.051494498787963,0.0
1984-12-31,3.80585566810947,1.0,0.0,0.0,1.0,0.0006504355217548654,0.006630603857878041,0.0,0.0,0.0,1.0450933917706493,0.0,0.0,0.0,0.0,0.0,0.0,0.0,0.0,0.10308274442157517,0.0008143809135545267,0.001081580425765867,0.0,0.0,0.0,0.0,0.9140052494659088,0.9106209478899617
1985-03-31,3.80585566810947,1.0,0.0,0.0,0.0,0.0009601717613543938,0.014361968945515098,0.0,0.0,0.0,1.0565779345373585,0.0,0.0,0.0,0.0,0.0,0.0,0.0,0.0,0.10329494409756235,0.0007415260231670943,0.0007422103704966923,0.0,0.0,0.0,0.0,0.011554884602057065,1.051494498787963
1985-06-30,3.80585566810947,1.0,1.0,0.0,0.0,0.0009359007052157901,0.015018740564610288,0.0,0.0,0.0,1.0565779345373585,0.0,0.0,0.0,0.0,0.0,0.0,0.0,0.0,0.10322472529568172,0.0006504355217548654,0.0008143809135545267,0.0,0.0,0.0,0.0,0.019161608360448713,0.9140052494659088
1985-09-30,3.80585566810947,1.0,0.0,1.0,0.0,0.001014683545045006,0.013312191010487608,0.0,0.0,0.0,1.0261447756113569,0.0,0.0,0.0,0.0,0.0,0.0,0.0,0.0,0.10315373485861556,0.0009601717613543938,0.0007415260231670943,0.0,0.0,0.0,0.0,0.019161608360448636,0.011554884602057065
1985-12-31,3.80585566810947,1.0,0.0,0.0,1.0,0.001081580425765866,0.010916209162813112,0.0,0.0,0.0,1.0375463842292731,0.0,0.0,0.0,0.0,0.0,0.0,0.0,0.0,0.10308274442154985,0.0009359007052157901,0.0006504355217548654,0.0,0.0,0.0,0.0,0.019161608360448636,0.019161608360448713
1986-03-31,3.5551960286619257,1.0,0.0,0.0,0.0,0.008929036867063004,0.03571370071030632,0.0,0.0,0.0,1.0489479928471894,0.0,0.0,0.0,0.0,0.0,0.0,0.0,0.0,0.10287054474556268,0.001014683545045006,0.0009601717613543938,0.0,0.0,0.0,0.0,0.019161608360448404,0.019161608360448636
1986-06-30,3.301751282109409,1.0,1.0,0.0,0.0,0.010241831181040736,0.04008188475264462,0.0,0.0,0.0,1.048947992847161,0.0,0.0,0.0,0.0,0.0,0.0,0.0,0.0,0.1029407635474433,0.001081580425765866,0.0009359007052157901,0.0,0.0,0.0,0.0,0.019161608360448404,0.019161608360448636
1986-09-30,3.045521428451919,1.0,0.0,1.0,0.0,0.008660152582786185,0.03299953662315698,0.0,0.0,0.0,0.9745335694087487,0.0,0.0,0.0,0.0,0.0,0.0,0.0,0.0,0.10301175398450946,0.008929036867063004,0.001014683545045006,0.0,0.0,0.0,0.0,0.019161608360448404,0.019161608360448404
1986-12-31,2.78929157479443,1.0,0.0,0.0,1.0,0.0009119722672315057,0.010367165075222045,0.0,0.0,0.0,0.9853617201799523,0.0,0.0,0.0,0.0,0.0,0.0,0.0,0.0,0.10308274442157517,0.010241831181040736,0.001081580425765866,0.0,0.0,0.0,0.0,0.019161608360448404,0.019161608360448404
1987-03-31,2.9851163010578525,1.0,0.0,0.0,0.0,0.0009119722672423286,0.02798586579787637,0.0,0.22179166310356102,0.0,0.9961898709511559,0.0,0.0,0.0,0.0,0.0,0.0,0.0,0.0,0.09909687068131001,0.008660152582786185,0.008929036867063004,0.0,0.0,0.0,0.0,0.019161608360448404,0.019161608360448404
1987-06-30,3.1831168576130913,1.0,1.0,0.0,0.0,0.0009119722672444932,0.031141672964700245,0.0,0.25753360759726845,0.0,0.9961898709511559,-0.44358332620712204,0.0,0.0,0.0,0.0,0.0,0.0,0.0,0.09506670945504192,0.0009119722672315057,0.010241831181040736,0.0,0.0,0.0,0.0,5.988869886505015,0.019161608360448404
1987-09-30,3.3832932444601456,1.0,0.0,1.0,0.0,0.0009119722672379995,0.02556870448275197,0.0,0.22429211972827817,0.0,0.9375476468143518,-0.44851202983164207,0.0,0.0,0.0,0.0,0.0,0.0,0.0,0.09099226074277089,0.0009119722672423286,0.008660152582786185,0.0,0.22179166310356102,0.0,0.0,6.956076245601223,0.019161608360448404
1987-12-31,3.5834696313072,1.0,0.0,0.0,1.0,0.0009119722672315057,0.009973705909698871,0.0,0.004718874456216431,0.0,0.9479648428900873,-0.4534407334561674,-0.44358332620712204,0.0,0.0,0.0,0.0,0.0,0.0,0.08691781203049986,0.0009119722672444932,0.0009119722672315057,0.0,0.25753360759726845,0.0,0.0,6.063556825499901,5.988869886505015
1988-03-31,3.9692355484237303,1.0,0.0,0.0,0.0,0.0006258205660927311,0.005885091519170986,0.0,0.2517688856029266,0.0,0.958382038965766,-0.4534407334561674,-0.44851202983164207,0.0,0.0,0.0,0.0,0.0,0.0,0.08691781203049365,0.0009119722672379995,0.0009119722672423286,-0.11089583155178051,0.22429211972827817,0.0,0.0,0.14693643649814125,6.956076245601223
1988-06-30,4.35500146554026,1.0,1.0,0.0,0.0,0.0006866736771515278,0.001740285885860857,0.0,0.2916538178116423,0.0,0.9583820389657944,0.05171849721503463,-0.4534407334561674,0.0,0.0,0.0,0.0,0.0,0.0,0.08691781203048743,0.0009119722672315057,0.0009119722672444932,-0.22302383900969103,0.004718874456216431,0.0,0.0,59.18873306507745,6.063556825499901
1988-09-30,4.74500656855917,1.0,0.0,1.0,0.0,0.0006252435347683687,0.005956733976052964,0.0,0.25267447989619934,0.0,0.9613963025398107,0.051718497215032855,-0.4534407334561674,0.0,0.0,0.0,0.0,0.0,0.0,0.08691781203048121,0.0006258205660927311,0.0009119722672379995,-0.3363840223737329,0.2517688856029266,0.0,0.0,68.31567554652838,0.14693643649814125
1988-12-31,5.13501167157808,1.0,0.0,0.0,1.0,0.0005484374007999734,0.006099586967794731,0.0,0.0003281284427673495,0.0,0.9613963025397823,0.052286832349265566,0.05171849721503463,0.0,0.0,0.0,0.0,0.0,0.0,0.086917812030475,0.0006866736771515278,0.0009119722672315057,-0.44974420573777474,0.2916538178116423,0.0,0.0,59.409646548405995,59.18873306507745
1989-03-31,5.684751699014271,1.0,0.0,0.0,0.0,0.0008096023164655375,0.010947514724293799,0.0,2.3225710414183154,0.0,0.9719610970732049,0.052286832349265566,0.051718497215032855,0.0,0.0,0.0,0.0,0.0,0.0,0.08709673558994213,0.0006252435347683687,0.0006258205660927311,-0.32591874988223557,0.25267447989619934,0.0,0.0,0.8403014067379855,68.31567554652838
1989-06-30,6.240599948977532,1.0,1.0,0.0,0.0,0.0007891373287812092,0.013178262889214217,0.0,2.6969152107352645,0.0,0.9719610970732049,4.697239439236242,0.052286832349265566,0.0,0.0,0.0,0.0,0.0,0.0,0.08703752815754484,0.0005484374007999734,0.0006866736771515278,-0.20086111812056684,0.0003281284427673495,0.0,0.0,412.88671370452045,59.409646548405995
1989-09-30,6.802556421467861,1.0,0.0,1.0,0.0,0.000855565828538679,0.016185054822418613,0.0,2.348958658201403,0.0,0.9879376804707931,4.749430988561084,0.052286832349265566,0.0,0.0,0.0,0.0,0.0,0.0,0.08697767009402257,0.0008096023164655375,0.0006252435347683687,-0.07442922666920859,2.3225710414183154,0.0,0.0,479.5760865327479,0.8403014067379855
1989-12-31,7.36451289395819,1.0,0.0,0.0,1.0,0.0009119722672313521,0.010509759067297621,0.0,0.049969604119399255,0.0,0.99891476580936,4.801622537885937,4.697239439236242,0.0,0.0,0.0,0.0,0.0,0.0,0.08691781203049986,0.0007891373287812092,0.0005484374007999734,0.052002664782149655,2.6969152107352645,0.0,0.0,418.062966685649,412.88671370452045
1990-03-31,6.806366242071327,1.0,0.0,0.0,0.0,0.0009119722672313521,0.012119587334154533,0.0,1.0088809466713788,0.0,1.009891851147927,4.801622537885937,4.749430988561084,0.0,0.0,0.0,0.0,0.0,0.0,0.08673888847103894,0.000855565828538679,0.0008096023164655375,1.2133829002874514,2.348958658201403,0.0,0.0,10.203918272778692,479.5760865327479
1990-06-30,6.242017960719054,1.0,1.0,0.0,0.0,0.0009119722672315067,0.014604701114121252,0.0,1.1658453895258687,0.0,1.009891851147927,2.7670635461005872,4.801622537885937,0.0,0.0,0.0,0.0,0.0,0.0,0.0867980959034429,0.0009119722672313521,0.0007891373287812092,2.387811023123964,0.049969604119399255,0.0,0.0,237.52492937147989,418.062966685649
1990-09-30,5.671468049901373,1.0,0.0,1.0,0.0,0.0009119722672315067,0.01752947610301259,0.0,1.0022213596836342,0.0,1.0281515287593663,2.797808696612819,4.801622537885937,0.0,0.0,0.0,0.0,0.0,0.0,0.08685795396697138,0.0009119722672313521,0.000855565828538679,3.575144949508132,1.0088809466713788,0.0,0.0,274.6591190845189,10.203918272778692
1990-12-31,5.10091813908369,1.0,0.0,0.0,1.0,0.0009119722672315067,0.01093755716128306,0.0,0.029436240532430376,0.0,1.0395754346344575,2.8285538471250433,2.7670635461005872,0.0,0.0,0.0,0.0,0.0,0.0,0.08691781203050031,0.0009119722672315067,0.0009119722672313521,4.7624788758923,1.1658453895258687,0.0,0.0,236.50298964446372,237.52492937147989
1991-03-31,5.312954636013797,1.0,0.0,0.0,0.0,0.02596554756601489,0.00569436217169546,0.0,2.549009569149733,0.0,1.050999340509577,2.8285538471250504,2.797808696612819,0.0,0.0,0.0,0.0,0.0,0.0,0.08691781203050031,0.0009119722672315067,0.0009119722672313521,4.279934902608386,1.0022213596836342,0.0,0.0,5.340392417262627,274.6591190845189
1991-06-30,5.527347094020904,1.0,1.0,0.0,0.0,0.030247835958466193,0.0058028828247532185,0.0,2.956542054252184,-0.0012994747956034391,1.050999340509577,-2.279631266032709,2.8285538471250433,0.0,0.0,0.0006497373978017196,0.0,0.0,0.0,0.08691781203049986,0.0009119722672315067,0.0009119722672315067,3.79202932962132,0.029436240532430376,0.0,0.0,186.26532459391154,236.50298964446372
1991-09-30,5.7440955131050115,1.0,0.0,1.0,0.0,0.026606458551559926,0.011151661427851062,0.0,2.5668404912398803,-0.0013156230234030453,1.0508924584514148,-2.3049605023219613,2.8285538471250504,0.0,0.0,0.0007549424996588928,0.0,0.09121446821798607,0.0,0.08691781203049986,0.02596554756601489,0.0009119722672315067,3.2987621569310965,2.549009569149733,0.0,0.0,216.8576203002865,5.340392417262627
1991-12-31,5.96084393218912,1.0,0.0,0.0,1.0,0.001481225122897726,0.01117947696731135,0.0,0.024250897442067976,-0.0013318326089081234,1.0625690413230586,-2.3302897386112136,-2.279631266032709,0.0,0.0,0.0006579543630496573,0.0006497373978017196,0.10591376942007084,0.0,0.08691781203049986,0.030247835958466193,0.0009119722672315067,2.805494984240875,2.956542054252184,0.0,0.0,190.39600734312717,186.26532459391154
1992-03-31,6.628476503148821,1.0,0.0,0.0,0.0,0.001016457603208682,0.013631856420666263,0.0,1.5089804607917199,-0.0013336087525321894,1.0742456241947878,-2.3302897386112136,-2.3049605023219613,0.0,-0.0003248686989008598,1.5974751326362507e-05,0.0007549424996588928,0.0922428108442791,0.09121446821798607,0.10029552940316133,0.026606458551559926,0.02596554756601489,1.543821281207551,2.5668404912398803,0.0,0.0,9.40190415065641,216.8576203002865
1992-06-30,7.296109074108522,1.0,1.0,0.0,0.0,0.0011152952106216118,0.016647583335648617,0.0,1.7472406143423496,-0.003293163970614854,1.0742456241947593,0.6960197784775914,-2.3302897386112136,0.0,-0.0006537744547516211,0.0009831045617849899,0.0006579543630496573,0.0019406934331434413,0.10591376942007084,0.11382188807996396,0.001481225122897726,0.030247835958466193,0.2681289814738559,0.024250897442067976,0.0,0.0,315.81642781585845,190.39600734312717
1992-09-30,7.971078266727121,1.0,0.0,1.0,0.0,0.0010155203890788514,0.013625039893159354,0.0,1.5144338121271794,-0.003304044731682554,1.045411164034192,0.6960197784775985,-2.3302897386112136,0.0,-0.000986732606978652,0.001135012390311432,1.5974751326362507e-05,0.0013317574520526534,0.0922428108442791,0.12749688806090687,0.001016457603208682,0.026606458551559926,-1.0215819149602083,1.5089804607917199,0.0,0.0,366.52407566395254,9.40190415065641
1992-12-31,8.64604745934572,1.0,0.0,0.0,1.0,0.0008907718859336273,0.006632619966694221,0.0,0.00441590336760427,-0.0033514261775526855,1.045411164034192,0.7036683474718544,0.6960197784775914,0.0,-0.0013201347951116993,0.0009916240735317755,0.0009831045617849899,0.0014612539699480872,0.0019406934331434413,0.14117188804184977,0.0011152952106216118,0.001481225122897726,-2.3112928113942743,1.7472406143423496,0.0,0.0,316.9302758118076,315.81642781585845
1993-03-31,8.50468167256361,1.0,0.0,0.0,0.0,0.0013149558750675126,0.024857756739787195,0.0,0.5160000013918656,-0.0033626960049709664,1.0568991988038192,0.7036683474718544,0.6960197784775985,0.0,-0.001818557088864553,3.435059655172699e-05,0.001135012390311432,0.0013305295189864144,0.0013317574520526534,0.1414624956413011,0.0010155203890788514,0.001016457603208682,-1.5673800502666992,1.5144338121271794,0.0,0.0,1.7041273028176076,366.52407566395254
1993-06-30,8.361745154817253,1.0,1.0,0.0,0.0,0.0012817166473096107,0.027384373687628694,0.0,0.5983460044635394,-0.012907970947871661,1.0568991988037908,-0.3308559839423495,0.7036683474718544,0.0,-0.00231566251593443,0.004784358476944813,0.0009916240735317755,0.0011670846806045218,0.0014612539699480872,0.14136633094474726,0.0008907718859336273,0.0011152952106216118,-0.8171349800668093,0.00441590336760427,0.0,0.0,204.4811588415601,316.9302758118076
1993-09-30,8.217237906106652,1.0,0.0,1.0,0.0,0.0013896097996127525,0.022520862982526344,0.0,0.519108932450758,-0.013222062850436811,1.0045485057932808,-0.33453216154170917,0.7036683474718544,0.0,-0.0028205609080955707,0.005606359375272736,3.435059655172699e-05,0.0017228483315630647,0.0013305295189864144,0.1412691094932863,0.0013149558750675126,0.0010155203890788514,-0.058645458546042306,0.5160000013918656,0.0,0.0,237.12178537503218,1.7041273028176076
1993-12-31,8.07273065739605,1.0,0.0,0.0,1.0,0.0014812251228975718,0.010686466338921084,0.0,0.0035196720863673978,-0.013546472555933886,1.0157101558576471,-0.33820833914106885,-0.3308559839423495,0.0,-0.003327832721205265,0.004938288104636708,0.004784358476944813,0.0016792984686636798,0.0011670846806045218,0.14117188804182534,0.0012817166473096107,0.0008907718859336273,0.6998440629747247,0.5983460044635394,0.0,0.0,205.74100730431272,204.4811588415601
1994-03-31,8.261669086314384,1.0,0.0,0.0,0.0,0.0014812251228983448,0.031724882806057876,0.0,0.9045926308783482,-0.013732499483309124,1.0268718059220419,-0.33820833914106885,-0.33453216154170917,0.0,-0.005731534465519467,0.00036361364149935964,0.005606359375272736,0.0018206595142554079,0.0017228483315630647,0.14088128044237447,0.0013896097996127525,0.0013149558750675126,0.44312512236973944,0.519108932450758,0.0,0.0,1.472164403103428,237.12178537503218
1994-06-30,8.45270683110959,1.0,1.0,0.0,0.0,0.0014812251228981902,0.035461112851537656,0.0,1.0499824791208727,-0.009779192052466135,1.0268718059220134,1.472198995227302,-0.33820833914106885,0.0,-0.008211038995208031,0.0018724937604923477,0.004938288104636708,0.0019406934331434404,0.0016792984686636798,0.14097744513892785,0.0014812251228975718,0.0012817166473096107,0.1854871373649125,0.0035196720863673978,0.0,0.0,110.50941676474487,205.74100730431272
1994-09-30,8.645843891781665,1.0,0.0,1.0,0.0,0.0014812251228977264,0.029142697234246444,0.0,0.9134801956768639,-0.009985499862836589,0.9605802337214868,1.4885567618409397,-0.33820833914106885,0.0,-0.010759800589803331,0.0021721483919862443,0.00036361364149935964,0.0019406934331434404,0.0018206595142554079,0.14107466659038925,0.0014812251228983448,0.0013896097996127525,-0.07498203428831829,0.9045926308783482,0.0,0.0,128.1557777117632,1.472164403103428
1994-12-31,8.83898095245374,1.0,0.0,0.0,1.0,0.0014812251228977264,0.010218728388219942,0.0,0.015661369178205393,-0.010197053304937809,0.9712533474294958,1.5049145284545773,1.472198995227302,-0.17132363681678342,-0.01335225145938787,0.001880380087387964,0.0018724937604923477,0.0019406934331434404,0.0019406934331434404,0.1411718880418502,0.0014812251228981902,0.0014812251228975718,-0.3354512059415491,1.0499824791208727,0.0,0.0,111.2104885699172,110.50941676474487
1995-03-31,9.011953363471003,1.0,0.0,0.0,0.0,0.0014812251228977264,0.03668623579903207,0.0,0.9410629521336422,-0.010302104412788005,0.9819264611375331,1.5049145284545773,1.4885567618409397,-0.1732272327814144,-0.012570056735536489,0.00023213453546916488,0.0021721483919862443,0.0019406934331434407,0.0019406934331434404,0.14117188804184977,0.0014812251228977264,0.0014812251228983448,0.11531253885086379,0.9134801956768639,-0.042830909204195855,0.08566181840839171,0.851738521843521,128.1557777117632
1995-06-30,9.186847690166235,1.0,1.0,0.0,0.0,0.0014812251228977264,0.04131514569699315,0.0,1.090986043376052,-0.010546732937325665,0.9819264611375047,-0.38260077821080074,1.5049145284545773,-0.17513082874604713,-0.011760915988636433,0.0002332971208924045,0.001880380087387964,0.0019406934331434407,0.0019406934331434404,0.1411718880418502,0.0014812251228977264,0.0014812251228981902,0.571084769696526,0.015661369178205393,-0.08613771739954945,0.09946630463632204,31.828010254366717,111.2104885699172
1995-09-30,9.363663932539438,1.0,0.0,1.0,0.0,0.0014812251228977264,0.03409179361415065,0.0,0.9458895818478864,-0.010777587192681626,0.9056895883424261,-0.3868518979687039,1.5049145284545773,-0.17513082874604535,-0.010923561175887414,0.0002597357393575278,0.00023213453546916488,0.001940693433132618,0.0019406934331434407,0.14117188804184977,0.0014812251228977264,0.0014812251228977264,1.0318654865954375,0.9410629521336422,-0.12992042458606123,0.08662756102615961,36.86252002578639,0.851738521843521
1995-12-31,9.54048017491264,1.0,0.0,0.0,1.0,0.0014812251228977264,0.009634797367684902,0.0,0.004070137294369035,-0.011014734478017929,0.9157528059907065,-0.39110301772659284,-0.38260077821080074,-0.17132363681678342,-0.010065962408257134,0.00030582219277317625,0.0002332971208924045,0.0019406934331304532,0.0019406934331434407,0.14117188804184977,0.0014812251228977264,0.0014812251228977264,1.492646203494349,1.090986043376052,-0.17370313177257257,0.0018225543787538595,31.874500306331047,31.828010254366717
1996-03-31,9.490638362146527,1.0,0.0,0.0,0.0,0.001016457603200021,0.038904248420928954,0.0,1.429168492226349,-0.011137410092964761,0.9258160236389301,-0.39110301772659994,-0.3868518979687039,-0.1732272327814144,-0.010257847629472017,0.00026172174991030125,0.0002597357393575278,0.001940693433136947,0.001940693433132618,0.14117188804184977,0.0014812251228977264,0.0014812251228977264,1.0289462601348234,0.9458895818478864,-0.17370313177257257,0.0018225543787538595,0.1903924685903941,36.86252002578639
1996-06-30,9.440796549380414,1.0,1.0,0.0,0.0,0.0011152952106077674,0.046524206019572065,0.0,1.65107813341575,-0.008811370161745158,0.9258160236389301,2.4686481966154687,-0.39110301772659284,-0.17513082874604535,-0.010455869461933276,0.0010928573460433143,0.00030582219277317625,0.0019406934331443683,0.0019406934331304532,0.14117188804184977,0.0014812251228977264,0.0014812251228977264,0.5600940951824125,0.004070137294369035,-0.17370313177257257,0.0018225543787538595,9.819255652659537,31.874500306331047
1996-09-30,9.390407024386102,1.0,0.0,1.0,0.0,0.001015520389070681,0.038989731696408694,0.0,1.4344539461510393,-0.008889700604397865,0.8452337350312291,2.4686481966154687,-0.39110301772659994,-0.17513082874604535,-0.010660289755203306,0.0012862875503306466,0.00026172174991030125,0.001331757452070987,0.001940693433136947,0.14117188804184977,0.001016457603200021,0.0014812251228977264,0.08608970863711995,1.429168492226349,-0.17370313177257213,0.0018225543787533957,11.376053405371854,0.1903924685903941
1996-12-31,9.34001749939179,1.0,0.0,0.0,1.0,0.0008907718859341403,0.005362592576356026,0.0,0.015662359349970924,-0.00906800143990949,0.8452337350312291,2.4957761987760847,2.4686481966154687,-0.17322723278141616,-0.010869116175247495,0.0011123885089858207,0.0010928573460433143,0.001461253969978852,0.0019406934331443683,0.14117188804184977,0.0011152952106077674,0.0014812251228977264,-0.38791467790817435,1.65107813341575,-0.17370313177257213,0.0018225543787533957,9.854534395969168,9.819255652659537
1997-03-31,9.047102425300329,1.0,0.0,0.0,0.0,0.0013149558750891889,0.02072348515987046,0.3039625402256961,1.3168444591292885,-0.009150982562967092,0.8545220178337729,2.4957761987760776,2.4686481966154687,-0.1732272327814144,-0.010435275481352368,0.0001565985235253891,0.0012862875503306466,0.0013305295190075936,0.001331757452070987,0.1414624956413073,0.001015520389070681,0.001016457603200021,0.324897565798393,1.4344539461510393,-0.1741790307637303,0.0010990416426076796,0.008938946571497136,11.376053405371854
1997-06-30,8.75093273927452,1.0,1.0,0.0,0.0,0.0012817166473353145,0.022873433905140267,0.5849859309313382,1.5261811958227418,-0.008271696791982253,0.8545220178337729,-0.1468311933689037,2.4957761987760847,-0.17513082874604535,-0.009963303834281428,0.00039750456896000803,0.0011123885089858207,0.0011670846806065712,0.001461253969978852,0.14136633094475926,0.0008907718859341403,0.0011152952106077674,1.0387725894444362,0.015662359349970924,-0.1741790307637303,0.0010990416426076796,80.93907594185713,9.854534395969168
1997-09-30,8.45150844131436,1.0,0.0,1.0,0.0,0.0013896097996232415,0.01879797936757472,0.7935577968561146,1.3221200959818116,-0.008433362753751061,0.8109146294499396,-0.14846265107299672,2.4957761987760776,-0.17513082874604535,-0.009476620574754319,0.00044328421675542216,0.0001565985235253891,0.0017228483315437347,0.0013305295190075936,0.1412691094933045,0.0013149558750891889,0.001015520389070681,1.7604923935701056,1.3168444591292885,-0.1741790307637303,0.0010990416426076796,93.98086457469458,0.008938946571497136
1997-12-31,8.1520841433542,1.0,0.0,0.0,1.0,0.0014812251228977287,0.008626573870126277,0.7996552840647992,0.0015620018307466188,-0.008598551776010432,0.8199247919993979,-0.15009410877710394,-0.1468311933689037,-0.7780797319862671,-0.008980013692254901,0.00038226941948348877,0.00039750456896000803,0.0016792984686397614,0.0011670846806065712,0.14117188804184977,0.0012817166473353145,0.0008907718859341403,2.482212197695775,1.5261811958227418,-0.1741790307637303,0.0010990416426076796,81.84604108719653,80.93907594185713
1998-03-31,7.563353782702366,1.0,0.0,0.0,0.0,0.0014812251228869058,0.007870738864590013,0.5416031699013268,0.18711248396455024,-0.008673128117185902,0.8289349545488278,-0.15009410877709684,-0.14846265107299672,-0.7867250623416684,-0.008845095349814175,0.00017899107190831107,0.00044328421675542216,0.0018206595142466933,0.0017228483315437347,0.14088128044238601,0.0013896097996232415,0.0013149558750891889,1.8283423501996818,1.3221200959818116,-0.32539215556494305,0.3017930517461044,1.7069744941982752,93.98086457469458
1998-06-30,6.968081973598846,1.0,1.0,0.0,0.0,0.0014812251228847413,0.007716257528742974,0.8432425264945522,0.2170940614457522,-0.005298313143892175,0.8289349545488278,0.22467151728699974,-0.15009410877710394,-0.7953703926970714,-0.008731010887152474,0.0016380838313512036,0.00038226941948348877,0.0019406934331446773,0.0016792984686397614,0.14097744513892785,0.0014812251228977287,0.0012817166473353145,1.1740646382775655,0.0015620018307466188,-0.47876661295500655,0.3506261678184903,113.65778783464728,81.84604108719653
1998-09-30,6.366268716043638,1.0,0.0,1.0,0.0,0.0014812251228921627,0.008210502874139684,1.305713936500705,0.1886420000734168,-0.005385718513122972,0.8126789662119336,0.22716786747908202,-0.15009410877709684,-0.7953703926970732,-0.00861364847117771,0.0019022686443237564,0.00017899107190831107,0.001940693433153954,0.0018206595142466933,0.14107466659037637,0.0014812251228869058,0.0013896097996232415,0.5125970613892683,0.18711248396455024,-0.6338265039427631,0.3058785779790579,132.15918995099244,1.7069744941982752
1998-12-31,5.76445545848843,1.0,0.0,0.0,1.0,0.0014812251228986564,0.00864534302394383,1.3157466953716481,0.0023900733441458277,-0.005474385733640896,0.8217087325031969,0.2296642176711572,0.22467151728699974,-0.5485912656102938,-0.008494184859732412,0.00164506570224833,0.0016380838313512036,0.0019406934331564277,0.0019406934331446773,0.1411718880418249,0.0014812251228847413,0.0014812251228977287,-0.1488705154990253,0.2170940614457522,-0.78888639493052,0.008277273637770378,115.58268287097593,113.65778783464728
1999-03-31,5.520131700259749,1.0,0.0,0.0,0.0,0.0014812251228986564,0.03994025463360629,0.8438837962418232,0.032054926456318134,-0.005504519597194335,0.8307384987944317,0.2296642176711572,0.22716786747908202,-0.554686724117075,-0.007750838947709893,9.311551075511354e-05,0.0019022686443237564,0.0019406934331490063,0.001940693433153954,0.14117188804183112,0.0014812251228921627,0.0014812251228869058,-0.05599483783504944,0.1886420000734168,-0.7315142783365267,0.12201675559495655,4.156720064180058,132.15918995099244
1999-06-30,5.273093233606305,1.0,1.0,0.0,0.0,0.0014812251228986564,0.045321252397638664,0.6490138200065089,0.036948386975509166,0.00041651240281370683,0.8307384987944317,0.16476546458068952,0.2296642176711572,-0.5607821826238553,-0.00698892788755287,0.00293612653031675,0.00164506570224833,0.0019406934331434404,0.0019406934331564277,0.14117188804183733,0.0014812251228986564,0.0014812251228847413,0.03791279180297025,0.0023900733441458277,-0.6735046937803784,0.1407403893664041,115.76618996345996,115.58268287097593
1999-09-30,5.023340058528097,1.0,0.0,1.0,0.0,0.0014812251228977287,0.03767715008313013,1.0135939370555653,0.03156942099231421,0.0004209649812647598,0.7483030221664251,0.1665961919649206,0.2296642176711572,-0.5607821826238562,-0.006207886376960486,0.0034111185386380993,9.311551075511354e-05,0.0019406934331434404,0.0019406934331490063,0.14117188804184444,0.0014812251228986564,0.0014812251228921627,0.13285237341503553,0.032054926456318134,-0.6148576412620743,0.12044470442165654,133.9580680555998,4.156720064180058
1999-12-31,4.77358688344989,1.0,0.0,0.0,1.0,0.0014812251228977287,0.007960506647089588,1.0213821234869527,0.001752788024293827,0.00042541188656297635,0.7566175001904583,0.16842691934914455,0.16476546458068952,0.36420253967866234,-0.005415734246962595,0.0029627435713929723,0.00293612653031675,0.0019406934331434404,0.0019406934331434404,0.14117188804185066,0.0014812251228986564,0.0014812251228986564,0.22779195502709904,0.036948386975509166,-0.55621058874377,0.005835957208594124,115.5566741385071,115.76618996345996
2000-03-31,5.274268267131659,1.0,0.0,0.0,0.0,0.0010164576032000243,1.3169124090137077,1.2951382038042782,0.4972040867144377,0.0004252309882459837,0.7649319782145767,0.16842691934915166,0.1665961919649206,0.3682492345639803,-0.003987027860286124,4.2135347820239504e-06,0.0034111185386380993,0.0019406934331434404,0.0019406934331434404,0.14117188804185066,0.0014812251228977287,0.0014812251228986564,0.21281544185052148,0.03156942099231421,-0.328012137421531,0.46148539714473635,1.771021558711999,133.9580680555998
2000-06-30,5.7749496508134275,1.0,1.0,0.0,0.0,0.0011152952106077705,1.5190326105933156,1.6300003993917371,0.5737686381160296,-0.006708502658520632,0.7649319782145483,1.16222335235571,0.16842691934914455,0.37229592944929824,-0.002535356986689191,0.003566186564020677,0.0029627435713929723,0.0019406934331434404,0.0019406934331434404,0.14117188804185066,0.0014812251228977287,0.0014812251228986564,0.19767252297198112,0.001752788024293827,-0.0972781477512672,0.535210908347487,56.86837540903749,115.5566741385071
2000-09-30,6.281133027722468,1.0,0.0,1.0,0.0,0.0010155203890706843,1.3218576298017275,1.8766937753291362,0.49906314805589763,-0.006753810614986366,3.3959736381161747,1.162223352355717,0.16842691934915166,0.3722959294492991,-0.001060407581638223,0.00413183594574799,4.2135347820239504e-06,0.2078652894156286,0.0019406934331434404,0.14117188804184977,0.0010164576032000243,0.0014812251228977287,0.18236319839147797,0.4972040867144377,0.13599138026702118,0.46452745956528035,66.01421241989186,1.771021558711999
2000-12-31,6.78731640463151,1.0,0.0,0.0,1.0,0.0008907718859341441,0.021545783451954383,1.884915813868076,0.007373735882805519,-0.006874457095355058,3.3959736381161747,1.1749950375464309,1.16222335235571,0.0791263175368142,0.00042203006472185667,0.003602758080751787,0.003566186564020677,0.2396295315388343,0.0019406934331434404,0.14117188804184977,0.0011152952106077705,0.0014812251228977287,0.16705387381097658,0.5737686381160296,0.36926090828531,0.003874415380018527,57.06844877862546,56.86837540903749
2001-03-31,6.640746327078642,1.0,0.0,0.0,0.0,0.0009615721395086234,1.390356252266446,1.3269535094267908,0.6595653461330614,-0.006922042378699644,3.433292029743825,1.174995037546438,1.162223352355717,0.0791263175368142,-0.001359223700611728,0.00010013106280301518,0.00413183594574799,0.20865024157128714,0.2078652894156286,0.1414624956413073,0.0010155203890706843,0.0010164576032000243,0.4164183457547317,0.49906314805589763,0.29799185274984796,0.1459228264435007,0.354271169457917,66.01421241989186
2001-06-30,6.492547693108522,1.0,1.0,0.0,0.0,0.0008563459540185228,1.6104471782757037,0.6298341605365777,0.7645027321436827,-0.0068374445051162525,3.433292029743825,-0.14833792458584583,1.1749950375464309,0.07999583750974537,-0.0031529175996745096,7.108868778255588e-05,0.003602758080751787,0.003816433971912447,0.2396295315388343,0.14136633094475926,0.0008907718859341441,0.0011152952106077705,0.6653251358524308,0.007373735882805519,0.22571112349305644,0.16926155435589094,40.59958190187453,57.06844877862546
2001-09-30,6.3427205027211455,1.0,0.0,1.0,0.0,0.001276185852300216,1.3929192289574146,0.4116027978456759,0.6624919474880779,-0.00696101164152696,0.6403626610537856,-0.1499861237479081,1.174995037546438,0.07999583750974626,-0.004977884845154018,5.40603222884152e-05,0.00010013106280301518,0.2398744581943275,0.20865024157128714,0.1412691094933045,0.0009615721395086234,0.0010155203890706843,0.9169671654017524,0.6595653461330614,0.15263610050816823,0.14644045962314964,47.20605182687407,0.354271169457917
2001-12-31,6.19289331233377,1.0,0.0,0.0,1.0,0.0014911505573048166,0.006812228561012633,0.4147654443534242,0.0015780305564529948,-0.007086837835625914,0.6474778017321512,-0.15163432290997036,-0.14833792458584583,-0.06946796326079063,-0.006814703186890425,0.00010373485749279306,7.108868778255588e-05,0.27782763981164804,0.003816433971912447,0.14117188804184977,0.0008563459540185228,0.0008907718859341441,1.168609194951074,0.7645027321436827,0.07956107752328001,0.0005020175904015368,41.278704248922494,40.59958190187453
2002-03-31,6.224437123661744,1.0,0.0,0.0,0.0,0.0014911505573048166,0.0464757971339364,0.7353678656784813,0.6998384029173392,-0.007137419570688031,0.6545929424105168,-0.15163432290997747,-0.1499861237479081,-0.07023982951924435,-0.00684693864853933,0.0001344623277422934,5.40603222884152e-05,0.24025736828061253,0.2398744581943275,0.1411145329504251,0.001276185852300216,0.0009615721395086234,0.840968875715685,0.6624919474880779,0.0424125073238788,0.07458810667999338,1.462152950670444,47.20605182687407
2002-06-30,6.25633142178225,1.0,1.0,0.0,0.0,0.0014911505573048166,0.0546503121432283,1.1039871125010372,0.8124450779851033,-0.01714160134788656,0.6545929424105452,1.2485910200458434,-0.15163432290997036,-0.07101169577769717,-0.0068987389051744785,0.005040468228816218,0.00010373485749279306,0.001342864283909809,0.27782763981164804,0.14144654184953964,0.0014911505573048166,0.0008563459540185228,0.5129165066897787,0.0015780305564529948,0.005070970559864163,0.08651635806518562,1.8027620613291473,41.278704248922494
2002-09-30,6.28857620669529,1.0,0.0,1.0,0.0,0.001491150557303889,0.04976824079723474,1.3719225303439428,0.7071400194417674,-0.017634344488335674,0.7449304445487144,1.2624642536019124,-0.15163432290997747,-0.07101169577769717,-0.006951834090242193,0.0059362067430078986,0.0001344623277422934,0.007651956277004854,0.24025736828061253,0.14178219919809543,0.0014911505573048166,0.001276185852300216,0.18125916657567842,0.6998384029173392,-0.03268091276199647,0.0751204772144409,1.869743028395761,1.462152950670444
2002-12-31,6.32082099160833,1.0,0.0,0.0,1.0,0.001491150557303889,0.007924628900076098,1.382464018453845,0.01328260987877885,-0.018148159388182483,0.7532074494881442,1.2763374871579742,1.2485910200458434,-0.6058598655469662,-0.007005678388239289,0.005268028076114514,0.005040468228816218,0.009017664408266884,0.001342864283909809,0.14211785654665032,0.0014911505573048166,0.0014911505573048166,-0.15039817353842544,0.8124450779851033,-0.07043279608385733,0.0007390056793815119,1.6898090955351595,1.8027620613291473
2003-03-31,6.463401333813762,1.0,0.0,0.0,0.0,0.007337525830594043,0.016683288702016554,0.9922102238910807,0.0668293524488581,-0.018483602757085937,0.7614844544275741,1.2763374871579742,1.2624642536019124,-0.6125916418308206,-0.009581717598931866,0.0005884081835287877,0.0059362067430078986,0.00829184650538178,0.007651956277004854,0.14211785654665032,0.001491150557303889,0.0014911505573048166,0.19883406261949688,0.7071400194417674,-0.20453077165540123,0.2675529766794565,1.454065096107284,1.869743028395761
2003-06-30,6.607565902043698,1.0,1.0,0.0,0.0,0.00833905645966164,0.018292408108484603,0.47886178463155565,0.07889102122325362,-0.006613131790269233,0.7614844544275741,1.4047302476627763,1.2763374871579742,-0.6193234181146767,-0.012250050810634044,0.00574840441344934,0.005268028076114514,0.0015299274742651343,0.009017664408266884,0.14211785654665032,0.001491150557303889,0.0014911505573048166,0.551946656956952,0.01328260987877885,-0.3401187247332953,0.3107501839845014,41.24784224262263,1.6898090955351595
2003-09-30,6.753314696298139,1.0,0.0,1.0,0.0,0.006946255375302932,0.015080753165656675,0.1918914841512297,0.07311957170897913,-0.006731124848100678,0.726284248010387,1.420338361525701,1.2763374871579742,-0.6193234181146767,-0.015015381198773187,0.006724091028810163,0.0005884081835287877,0.0021605630988312083,0.00829184650538178,0.14211785654664943,0.007337525830594043,0.001491150557303889,0.9089396094739381,0.0668293524488581,-0.4771966553175402,0.27084575075065037,47.732731789441964,1.454065096107284
2003-12-31,6.89906349055258,1.0,0.0,0.0,1.0,0.001363433570455513,0.007726269188719357,0.19336592731680977,0.014943631313275205,-0.006851209600204355,0.7343540729882818,1.4359464753886044,1.4047302476627763,-0.48177843430112643,-0.017851926995372663,0.005876694169091852,0.00574840441344934,0.0022822990831177013,0.0015299274742651343,0.14211785654664943,0.00833905645966164,0.001491150557303889,1.265932561990926,0.07889102122325362,-0.6142745859017851,0.006445185097513259,41.182782569733156,41.24784224262263
2004-03-31,7.057529577355767,1.0,0.0,0.0,0.0,0.005442773151913607,0.05918938526314646,0.5020384984061875,0.017043083044104106,-0.006898472481093432,0.7424238979661766,1.4359464753886186,1.420338361525701,-0.487131528015583,-0.015219809605968332,0.0001280241100294385,0.006724091028810163,0.00197984200892368,0.0021605630988312083,0.13911644559766145,0.006946255375302932,0.007337525830594043,1.3049673688951593,0.07311957170897913,-0.5832542280903251,0.06772491788638929,0.6035288230545119,47.732731789441964
2004-06-30,7.215995664158954,1.0,1.0,0.0,0.0,0.005962725547404762,0.06975774762161445,1.0387919574902285,0.02075504235804606,-0.024471838561163528,0.7424238979661766,1.3999976875112026,1.4359464753886044,-0.4924846217300405,-0.012494004695909583,0.008822732677439351,0.005876694169091852,0.001515175398110802,0.0022822990831177013,0.13608168563812928,0.001363433570455513,0.00833905645966164,1.3444358958761065,0.014943631313275205,-0.5518891996365157,0.07789698987166586,0.5806525602580774,41.182782569733156
2004-09-30,7.376203136531407,1.0,0.0,1.0,0.0,0.005471945689493737,0.05936092101756628,1.455736672545425,0.017031559315042164,-0.025085732558524088,0.6215999348639798,1.3999976875111884,1.4359464753886186,-0.49248462173004004,-0.009669767248915051,0.010339902951774777,0.0001280241100294385,0.008259395098667245,0.00197984200892368,0.13301357666805202,0.005442773151913607,0.006946255375302932,1.384338142933764,0.017043083044104106,-0.5201795005403567,0.06624030263771842,0.45471285784882537,0.6035288230545119
2004-12-31,7.53641060890386,1.0,0.0,0.0,1.0,0.0008967407949045711,0.003943746040982582,1.462114443485767,0.00888229716203556,-0.02601397968647512,0.6215999348639798,1.4153822774838574,1.3999976875112026,-0.25463480283570683,-0.006773484679916925,0.009167964823449925,0.008822732677439351,0.00980270612042676,0.001515175398110802,0.12994546769797566,0.005962725547404762,0.001363433570455513,1.424240389991425,0.02075504235804606,-0.4884698014441975,0.005125197032579922,0.5866639388369825,0.5806525602580774
2005-03-31,7.539082775492843,1.0,0.0,0.0,0.0,0.0011315475799503268,0.30032002644977573,1.1233574859143296,1.4781712387522308,-0.02670878138281807,0.6284307033790242,1.4153822774838432,1.3999976875111884,-0.25463480283570683,-0.011238161372640498,0.0009890086741933747,0.010339902951774777,0.008280679932794938,0.008259395098667245,0.13323943355788792,0.005471945689493737,0.005442773151913607,1.4230572499535317,0.017031559315042164,-0.4316838935778426,0.1180596992839261,0.3729377765122296,0.45471285784882537
2005-06-30,7.541784632821703,1.0,1.0,0.0,0.0,0.0010579877568943454,0.34799241748656845,0.6426704687757343,1.714758655094998,-0.00915235987318297,0.6284307033789673,-1.546052814117047,1.4153822774838574,-0.2574329874822534,-0.01582681330024635,0.0084182005385939,0.009167964823449925,0.0008160035939102655,0.00980270612042676,0.13617738443780514,0.0008967407949045711,0.005962725547404762,1.4179720814499035,0.00888229716203556,-0.37355971228287355,0.1373226569653471,15.68763491505982,0.5866639388369825
2005-09-30,7.544516180890442,1.0,0.0,1.0,0.0,0.0013205866532299266,0.3012993789323485,0.17046945721015813,1.4893727744168375,-0.009339531514127142,0.025548254320426622,-1.563231178718354,1.4153822774838432,-0.25743298748225296,-0.02061750582181404,0.009885966503187477,0.0009890086741933747,0.04527151293333358,0.008280679932794938,0.13914762049222773,0.0011315475799503268,0.005471945689493737,1.4128310319737167,1.4781712387522308,-0.3147968037209268,0.11846588930057803,18.146555076545546,0.3729377765122296
2005-12-31,7.54724772895918,1.0,0.0,0.0,1.0,0.001496259236777907,0.0002717843480836847,0.17177929921401475,0.01644703193617803,-0.009531180489112834,0.02583212381290423,-1.5804095433196466,-1.546052814117047,-1.908939387846674,-0.0255700830472452,0.008685255788309006,0.0084182005385939,0.0524165070320499,0.0008160035939102655,0.14211785654664943,0.0010579877568943454,0.0008967407949045711,1.4076899824975229,1.714758655094998,-0.25603389515898,0.0016155326589219717,15.639696786587104,15.68763491505982
2006-03-31,7.406874132643327,1.0,0.0,0.0,0.0,0.07163174616210266,0.41679662903851905,0.11613611116184025,1.2289175360393463,-0.009622898067421781,0.026115993305381835,-1.5804095433196466,-1.563231178718354,-1.9301498254894152,-0.02174021337525006,0.000209241192919963,0.009885966503187477,0.045286749628489005,0.04527151293333358,0.14194535807368602,0.0013205866532299266,0.0011315475799503268,0.6711773570904604,1.4893727744168375,-0.6696100414117219,0.8262206172562826,0.2961903497771158,18.146555076545546
2006-06-30,7.264940829701742,1.0,1.0,0.0,0.0,0.08300960071447834,0.4839935590597285,0.18004251501260055,1.425145078549955,0.0005591277606933343,0.02611599330532499,0.8830982881707854,-1.5804095433196466,-1.9513602631321558,-0.017803663114150825,0.005029884558208148,0.008685255788309006,0.0004151483845919323,0.0524165070320499,0.1421635575516822,0.001496259236777907,0.0010579877568943454,-0.06962985946692513,0.01644703193617803,-1.088488797075149,0.9596596577198452,2.5101379369556756,15.639696786587104
2006-09-30,7.121447820134426,1.0,0.0,1.0,0.0,0.07188842297674114,0.4215970666983394,0.27891663691251334,1.2366859685157434,0.0005650243705566105,0.8596145852546329,0.8929104913726746,-1.5804095433196466,-1.9513602631321554,-0.013682963314810254,0.005853941219350751,0.000209241192919963,0.044012608248279614,0.045286749628489005,0.14238415482614108,0.07163174616210266,0.0013205866532299266,-0.8185778146678011,1.2289175360393463,-1.5119706159876245,0.8365377019685567,2.94495188460375,0.2961903497771158
2006-12-31,6.97795481056711,1.0,0.0,0.0,1.0,0.0,0.009144647846085844,0.2810597582233995,0.009394469332260662,0.0005709108510294492,0.8691658584241395,0.9027226945745639,0.8830982881707854,2.207935396279561,-0.009411492485961181,0.005093961802095047,0.005029884558208148,0.0511504980334651,0.0004151483845919323,0.14260475210059997,0.08300960071447834,0.001496259236777907,-1.5675257698686735,1.425145078549955,-1.9354524349001,0.02030744796653132,2.6570290779382124,2.5101379369556756
2007-03-31,7.0153232237009595,1.0,0.0,0.0,0.0,0.0,0.1649059393222534,0.17840900332297527,1.2135200498472896,0.0005705850978057203,0.8787171315935893,0.9027226945745781,0.8929104913726746,2.2324680117937783,-0.006983620577492106,5.556979505516076e-06,0.005853941219350751,0.04466475258292554,0.044012608248279614,0.10744193651415035,0.07188842297674114,0.07163174616210266,-0.9602379942967154,1.2366859685157434,-0.9062337388685413,2.0761368338164976,0.3549912383172944,2.94495188460375
2007-06-30,7.053106841425186,1.0,1.0,0.0,0.0,0.0,0.19245126307583837,0.18763235215601004,1.4101041232720493,-0.012830843612471443,0.8787171315936462,3.326474428940415,0.9027226945745639,2.2570006273079954,-0.004507481606321168,0.00669984240407799,0.005093961802095047,0.00135924542369119,0.0511504980334651,0.07188842297674114,0.0,0.08300960071447834,-0.34620257677395827,0.009394469332260662,0.134420720452257,2.4084732487990133,3.328982828373098,2.6570290779382124
2007-09-30,7.091305663739788,1.0,0.0,1.0,0.0,0.0,0.17029962949004634,0.29818897075483863,1.2307263353629263,-0.013142031897526052,1.2052222951115255,3.36343525592865,0.9027226945745781,2.2570006273079954,-0.001981958771285597,0.007828275757988369,5.556979505516076e-06,0.002116924414150649,0.04466475258292554,0.03594421148837057,0.0,0.07188842297674114,0.27458048269959434,1.2135200498472896,1.1865109430622949,2.0920100361454788,3.8243533902518605,0.3549912383172944
2007-12-31,7.12950448605439,1.0,0.0,0.0,1.0,0.0,0.012821249957924314,0.3004801755570012,0.03538729768360933,-0.01346338607977493,1.2186136539461359,3.4003960829168705,3.326474428940415,-0.24358669838496727,0.0005664120200212786,0.006862863347895286,0.00669984240407799,0.0025498089907055395,0.00135924542369119,0.0,0.0,0.0,0.8953635421731505,1.4101041232720493,2.238601165672333,0.023488191117458312,3.24379969015315,3.328982828373098
2008-03-31,6.764576266874581,1.0,0.0,0.0,0.0,0.0,0.02640056429790921,1.9623256158596527,1.707394123036752,-0.01364712255967404,1.2320050127806326,3.4003960829168705,3.36343525592865,-0.24629321725591158,-0.002781080823269916,0.0003600235666855361,0.007828275757988369,0.002795848026045428,0.002116924414150649,0.0,0.0,0.0,1.5062075773655579,1.2307263353629263,1.6257206420062005,1.2462585530658972,0.2908348785160874,3.8243533902518605
2008-06-30,6.399648047694772,1.0,1.0,0.0,0.0,0.0,0.03217759657047616,3.57857812636204,1.9785393707615355,-0.015428355308632291,1.2320050127806894,-0.026534632017458648,3.4003960829168705,-0.24899973612685544,-0.006207844890290581,0.0010268606322985131,0.006862863347895286,0.0014271466536666876,0.0025498089907055395,0.0,0.0,0.0,2.1238387685045517,0.03538729768360933,1.006030334743778,1.4444964929154396,10.58428567656526,3.24379969015315
2008-09-30,6.030709628304196,1.0,0.0,1.0,0.0,0.0,0.0264244303730284,4.7569163222771,1.7135139612076251,-0.015670119479693767,1.1762717806551564,-0.02653463201747286,3.4003960829168705,-0.24899973612685566,-0.009716419122991676,0.0011578821191259535,0.0003600235666855361,0.008440941337528604,0.002795848026045428,0.0,0.0,0.0,2.7482571155901283,1.707394123036752,0.3795302438850653,1.2516488731086495,12.162101779810923,0.2908348785160874
2008-12-31,5.66177120891362,1.0,0.0,0.0,1.0,0.0,0.007462866254993528,4.777756988901799,0.00016834919472973227,-0.01609452167243086,1.1762717806551564,-0.026826221380289894,-0.026534632017458648,-1.7478895015549332,-0.013270846037361617,0.0010777064311675779,0.0010268606322985131,0.009999795677768467,0.0014271466536666876,0.0,0.0,0.0,3.3726754626757014,1.9785393707615355,-0.2469698469736475,0.0025912945346181003,10.625488421572891,10.58428567656526
2009-03-31,5.596706468668516,1.0,0.0,0.0,0.0,0.0,0.0832170332595654,3.036094953090854,1.4517065391122965,-0.016357792518635006,1.189197844178807,-0.026826221380289894,-0.02653463201747286,-1.7478895015549334,-0.013920223961401829,0.00041717342857930053,0.0011578821191259535,0.008463424389151049,0.008440941337528604,0.0,0.0,0.0,2.534423197436233,1.7135139612076251,-0.623045547766139,0.7498970545636857,0.3109567538001388,12.162101779810923
2009-06-30,5.530918786865133,1.0,1.0,0.0,0.0,0.0,0.09516459881060009,3.324319097221325,1.6856810348508697,-0.014430618006901486,1.1891978441788638,-2.9301420901353765,-0.026826221380289894,-1.7670970784950963,-0.014552245856943757,0.0008534861781755109,0.0010777064311675779,0.0007601711111018676,0.009999795677768467,0.0,0.0,0.0,1.6869307254497024,0.00016834919472973227,-0.9984446188408944,0.8653844095554755,69.36290214300556,10.625488421572891
2009-09-30,5.464408163503472,1.0,0.0,1.0,0.0,0.0,0.08002309479206846,5.2781455418245224,1.4681771750140125,-0.014804597701149391,1.018901867153204,-2.9626992244702137,-0.026826221380289894,-1.7670970784950972,-0.01521002975510774,0.0009472797611124532,0.00041717342857930053,0.003430471873738304,0.008463424389151049,0.0,0.0,0.0,0.8301251493754123,1.4517065391122965,-1.3779689544329545,0.7527006078525629,80.59702580999279,0.3109567538001388
2009-12-31,5.39789754014181,1.0,0.0,0.0,1.0,0.0,0.01083915853063325,5.318701409405119,0.031171082963028656,-0.015192199997128175,1.030222999010448,-2.995256358805051,-2.9301420901353765,2.27939589874944,-0.01588769724484798,0.0008344222125383039,0.0008534861781755109,0.004092206461502168,0.0007601711111018676,0.0,0.0,0.0,-0.026680426698877824,1.6856810348508697,-1.7574932900250149,0.01108949971687815,70.33835171127666,69.36290214300556
2010-03-31,5.6507228974096755,1.0,0.0,0.0,0.0,0.0,0.18522989553280866,3.8060135042935124,0.02822946803194085,-0.015426563434087104,1.0415441308676918,-2.995256358805051,-2.9626992244702137,2.304722519846656,-0.01563826291941528,0.0004381569702419783,0.0009472797611124532,0.004031749392258256,0.003430471873738304,0.0,0.0,0.0,-0.7525822912283573,1.4681771750140125,-0.7506719399489217,2.020065518477624,2.0009789371005895,80.59702580999279
2010-06-30,5.906357425313851,1.0,1.0,0.0,0.0,0.0,0.21385555878937385,1.8293267076554167,0.03374645177233405,-0.01599407626804883,1.0415441308676918,-3.031789828539061,-2.995256358805051,2.3300491409438724,-0.015421882474779186,0.0004976560697468215,0.0008344222125383039,0.001355728312954256,0.004092206461502168,0.0,0.0,0.0,-1.4866234393415425,0.031171082963028656,0.26248106540147553,2.3435777839021203,95.04429972460832,70.33835171127666
2010-09-30,6.164801123854335,1.0,0.0,1.0,0.0,0.0,0.18343169251682087,0.8016076738272954,0.04460084661666183,-0.016434645195274267,0.6674644256148667,-3.0654763821894875,-2.995256358805051,2.330049140943872,-0.015196302055953514,0.0005608031798554191,0.0004381569702419783,0.010656514613788966,0.004031749392258256,0.0,0.0,0.0,-2.2287309736977328,0.02822946803194085,1.2867676202612177,2.036014817116385,110.57731609035689,2.0009789371005895
2010-12-31,6.42324482239482,1.0,0.0,0.0,1.0,0.0,0.007100539272775712,0.8077670141512314,0.032252419631805036,-0.016892874083821785,0.6748806970105079,-3.099162935839928,-3.031789828539061,-5.948621093105072,-0.014963494784816539,0.0006258513390474188,0.0004976560697468215,0.012215245175132245,0.001355728312954256,0.0,0.0,0.0,-2.970838508053923,0.03374645177233405,2.31105417512096,0.024248393586322223,96.87308527577326,95.04429972460832
2011-03-31,6.420760347594768,1.0,0.0,0.0,0.0,0.0,0.06000097337655933,1.5675958910470198,2.071524154153962,-0.017183146819405692,0.6822969684063196,-3.099162935839928,-3.0654763821894875,-6.014716883028463,-0.015354359350103375,0.0005220403820610527,0.0005608031798554191,0.010315741859451378,0.010656514613788966,0.0,0.0,0.0,-2.996250442654844,0.04460084661666183,0.254049927157332,4.135131248997016,4.0601029907489075,110.57731609035689
2011-06-30,6.41824826751916,1.0,1.0,0.0,0.0,0.0,0.0703964836794388,2.4255431123530466,2.401791409910583,0.0121149734737509,0.6822969684062627,1.0549924882449062,-3.099162935839928,-6.080812672951851,-0.015761871223634594,0.014479210053956243,0.0006258513390474188,0.0011545499466123364,0.012215245175132245,0.0,0.0,0.0,-3.0219447320846626,0.032252419631805036,-1.8258099235614476,4.798848562688309,39.54409227454227,96.87308527577326
2011-09-30,6.415708582167995,1.0,0.0,1.0,0.0,0.0,0.06352093413042173,3.0481779350526836,2.082960770835901,0.012102957283680382,0.7996229471007155,1.0667146270031793,-3.099162935839928,-6.080812672951854,-0.016187039745307996,0.016828432303482983,0.0005220403820610527,0.002145826822033333,0.010315741859451378,0.0,0.0,0.0,-3.047921376343382,2.071524154153962,-3.9285253770353785,4.17273201084627,46.33587447161479,4.0601029907489075
2011-12-31,6.41316889681683,1.0,0.0,0.0,1.0,0.0,0.008506452061555016,3.071599324197136,0.01122309340798777,0.012089636460612008,0.8085076465129646,1.0784367657614595,1.0549924882449062,4.1483384644993855,-0.016626185591637643,0.01464283826939908,0.014479210053956243,0.0023305752814166167,0.0011545499466123364,0.0,0.0,0.0,-3.073898020602101,2.401791409910583,-6.03124083050931,0.06328190098127268,41.602114913127345,39.54409227454227
2012-03-31,6.187254138523083,1.0,0.0,0.0,0.0,0.0,0.01396025244375885,1.9489997032826605,1.0755998772473458,0.011945223056418985,0.8173923459251569,1.0784367657614595,1.0667146270031793,4.1944311141049315,-0.00959892315618771,7.9327548456743e-05,0.016828432303482983,0.0019367262300351432,0.002145826822033333,0.0,0.0,0.0,-2.0522024414061093,2.082960770835901,-3.5070009411081955,5.103654714103133,4.975560691038023,46.33587447161479
2012-06-30,5.961339380229335,1.0,1.0,0.0,0.0,0.0,0.017087199346394463,1.9454395789839911,1.2442352934753664,0.010959069081274642,0.8173923459251569,-1.0766419791082527,1.0784367657614595,4.240523763710483,-0.0024645225364490486,0.0005481085083877626,0.01464283826939908,0.0011319067178390844,0.0023305752814166167,0.0,0.0,0.0,-1.0191546891079426,0.01122309340798777,-0.9547139418248469,5.919138875186194,198.63807517921686,41.602114913127345
2012-09-30,5.732942042174118,1.0,0.0,1.0,0.0,0.0,0.013964712253181244,3.0861599215719595,1.079525651645942,0.010840269815507009,0.7877964484981703,-1.0766419791082456,1.0784367657614595,4.240523763710479,0.0047811050996593996,0.0006498390465642514,7.9327548456743e-05,0.003743463611875766,0.0019367262300351432,0.0,0.0,0.0,0.02524523629240427,1.0755998772473458,1.6256201673407364,5.137759733167826,230.35017338355314,4.975560691038023
2012-12-31,5.5045447041189,1.0,0.0,0.0,1.0,0.0,0.004998181226518482,3.0996807879733197,0.0068307641368233335,0.010841864918612387,0.7877964484981703,-1.0884732096479013,-1.0766419791082527,1.9148769060227815,0.012063197568615569,0.0005353093446164602,0.0005481085083877626,0.004501929803753888,0.0011319067178390844,0.0,0.0,0.0,1.0696451616927511,1.2442352934753664,4.20595427650632,0.044130352200810886,199.34460076238446,198.63807517921686
2013-03-31,5.516618538510034,1.0,0.0,0.0,0.0,0.0,0.0725045194975673,2.4813737348537903,1.0718881924179986,0.01072557963305698,0.7964535523278755,-1.0884732096479013,-1.0766419791082456,1.9148769060227815,0.011774221470496504,9.532665492122564e-05,0.0006498390465642514,0.0037505125452509313,0.003743463611875766,0.0,0.0,0.0,0.5367365448544614,1.079525651645942,3.647588886887169,1.1553456577155408,0.5020265661576941,230.35017338355314
2013-06-30,5.5288265266166245,1.0,1.0,0.0,0.0,0.0,0.08503856225247038,1.5965204092217555,1.2433767657232602,-0.0032529728557486592,0.7964535523278187,1.0592178984764828,-1.0884732096479013,1.9359195093856694,0.011458549603453161,0.007027983051159909,0.0005353093446164602,0.0006405943958221378,0.004501929803753888,0.0,0.0,0.0,0.0008973933266052114,0.0068307641368233335,3.0777003348666314,1.342712839326006,26.86026380972564,199.34460076238446
2013-09-30,5.541168668438672,1.0,0.0,1.0,0.0,0.0,0.07663405588904511,0.805323594140377,1.0797728582226565,-0.003299851325380021,0.9383470043000557,1.0709869862373367,-1.0884732096479013,1.935919509385668,0.011146606717953256,0.008117783735529268,9.532665492122564e-05,0.009956267610883689,0.0037505125452509313,0.0,0.0,0.0,-0.540830100525735,1.0718881924179986,2.5015492712854277,1.159358765464416,31.096141996256105,0.5020265661576941
2013-12-31,5.55351081026072,1.0,0.0,0.0,1.0,0.0,0.009982209537794853,0.81151148660842,0.011268043655745045,-0.003347158553445362,0.9487730821255695,1.0827560739981905,1.0592178984764828,0.5082856463894299,0.010841695862112755,0.007012892352829006,0.007027983051159909,0.011670152074997919,0.0006405943958221378,0.0,0.0,0.0,-1.0825575943780752,1.2433767657232602,1.925398207704225,0.012148952716669586,26.858687370595394,26.86026380972564
2014-03-31,5.767718777338105,1.0,0.0,0.0,0.0,0.0,0.08409344044716113,0.8094446584597499,0.32173381765391074,-0.003358399649558308,0.9591991599511971,1.0827560739981834,1.0709869862373367,0.5139332646826462,0.007288685377856929,4.828352699674884e-05,0.008117783735529268,0.010491267868073098,0.009956267610883689,0.0,0.0,0.0,-0.5485926249818913,1.0797728582226565,1.5737503927958871,0.7103790917259625,0.2765171900438908,31.096141996256105
2014-06-30,5.9843068329385725,1.0,1.0,0.0,0.0,0.0,0.09648250940422626,0.805798008533142,0.37232443287588995,-0.004615046516738608,0.9591991599511402,0.4354610866826363,1.0827560739981905,0.5195808829758617,0.003753655092635172,0.000640457640413158,0.007012892352829006,0.0012935165649757088,0.011670152074997919,0.0,0.0,0.0,-0.011685383645495762,0.011268043655745045,1.2235144824608535,0.8226176992478,13.21892792981535,26.858687370595394
2014-09-30,6.203274977062121,1.0,0.0,1.0,0.0,0.0,0.08162409028506122,0.8072843048457816,0.32125255734162883,-0.004687959964674748,0.7878244203071745,0.4402995432013199,1.0827560739981834,0.5195808829758617,0.00020639922462073468,0.0007504233819027429,4.828352699674884e-05,0.015222418629190845,0.010491267868073098,0.0,0.0,0.0,0.5311219372660272,0.32173381765391074,0.8694298258584015,0.7110080757343236,15.379096448394181,0.2765171900438908
2014-12-31,6.42224312118567,1.0,0.0,0.0,1.0,0.0,0.008380938401730787,0.81348726289379,0.004632469430556288,-0.0047617991319328645,0.7965780249772365,0.445137999720032,0.4354610866826363,-0.3205424067692544,-0.0033145955960330875,0.000667628078288645,0.000640457640413158,0.017527408798080436,0.0012935165649757088,0.0,0.0,0.0,1.0739292581775484,0.37232443287588995,0.5153451692559499,0.005407182849858629,13.472595142749823,13.21892792981535
2015-03-31,6.561536290040573,1.0,0.0,0.0,0.0,0.0,0.047523817938898885,0.9037564218086112,0.5400898653388114,-0.004784582352023392,0.8053316296472985,0.4451379997200178,0.4402995432013199,-0.3241039890666908,-0.0036551140112805747,7.686692173124974e-05,0.0007504233819027429,0.014939288588722418,0.015222418629190845,0.0,0.0,0.0,0.9179900552290867,0.32125255734162883,0.3081381559662788,0.4191288307682978,0.5628709595827521,15.379096448394181
2015-06-30,6.702377160771642,1.0,1.0,0.0,0.0,0.0,0.05600936971514222,1.0205158680179591,0.6276306478637375,-0.05979620021649057,0.8053316296472985,1.5236952791010623,0.445137999720032,-0.3276655713641272,-0.0040021411711042565,0.02752574076150882,0.000667628078288645,0.0009938795815521205,0.017527408798080436,0.0,0.0,0.0,0.7603181944700825,0.004632469430556288,0.09862884252894455,0.48607572244798053,40.81044253901083,13.472595142749823
2015-09-30,6.844765733378876,1.0,0.0,1.0,0.0,0.0,0.05151624353278204,1.1115248886778633,0.5479180122723065,-0.06430584779070248,0.8971024167433939,1.5406252266466396,0.4451379997200178,-0.3276655713641272,-0.004355801315726132,0.033120582237762236,7.686692173124974e-05,0.005250468381593156,0.014939288588722418,0.0,0.0,0.0,0.6009136759005429,0.5400898653388114,-0.11318277105605268,0.42185245928802856,47.44824167007851,0.5628709595827521
2015-12-31,6.98715430598611,1.0,0.0,0.0,1.0,0.0,0.009543446358079069,1.1200655505145916,0.016209190712976964,-0.06948050846019371,0.9070702213738855,1.5575551741921885,1.5236952791010623,1.0352627779431032,-0.004712346991342403,0.03013237718098911,0.02752574076150882,0.006193856876551703,0.0009938795815521205,0.0,0.0,0.0,0.4415091573310015,0.6276306478637375,-0.3249943846410499,0.0034099554409021686,41.48257114677487,40.81044253901083
2016-03-31,6.9132738974512735,1.0,0.0,0.0,0.0,0.0,0.010616500474986206,0.7336346605620089,0.8616664858103976,-0.07466851483703885,0.9170380260043771,1.5575551741922027,1.5406252266466396,1.0467656976980262,-0.018507635416280394,0.006431600896478611,0.033120582237762236,0.0057221218698120715,0.005250468381593156,0.0,0.0,0.0,0.713567705435608,0.5479180122723065,0.013956911537039485,0.6808726476416418,1.4415638960406931,47.44824167007851
2016-06-30,6.8393934889164365,1.0,1.0,0.0,0.0,0.0,0.009074463654813613,0.4518073003910881,0.9981822465862658,-0.008943664740338808,0.9170380260043771,-0.17134719210847038,1.5575551741921885,1.05826861745295,-0.033412107372787325,0.030564841009758238,0.03013237718098911,0.0011235083087924706,0.006193856876551703,0.0,0.0,0.0,0.9886491262969379,0.016209190712976964,0.35667433322821873,0.7902216099827828,39.49900983149022,41.48257114677487
2016-09-30,6.764701207760338,1.0,0.0,1.0,0.0,0.0,0.01071802783419587,0.6560194802533659,0.8647654613906466,-0.00902437573137116,0.9327554581059303,-0.17134719210845617,1.5575551741922027,1.05826861745295,-0.04959178470485254,0.036486851827833525,0.006431600896478611,0.0714291594623401,0.0057221218698120715,0.0,0.0,0.0,1.266753419914977,0.8616664858103976,0.7031578804324881,0.6872798118567821,45.89192885348995,1.4415638960406931
2016-12-31,6.69000892660424,1.0,0.0,0.0,1.0,0.0,0.005917874888244541,0.6588935865779288,0.0010871137081181815,-0.009206628772716274,0.9327554581058735,-0.173230128285482,-0.17134719210847038,-0.9795413913430053,-0.0670627678261064,0.03280533026655598,0.030564841009758238,0.08225098179365121,0.0011235083087924706,0.0,0.0,0.0,1.5448577135330233,0.9981822465862658,1.0496414276367574,0.011013207192491995,39.63663513569341,39.49900983149022
2017-03-31,6.7516975025738395,1.0,0.0,0.0,0.0,0.0,0.009973312911902345,0.5524135566016014,1.0621654609900828,-0.009292178409825547,0.9430055180851014,-0.173230128285482,-0.17134719210845617,-0.9795413913430053,-0.05434963395706846,0.0001605665257484779,0.036486851827833525,0.07170182375302693,0.0714291594623401,0.0,0.0,0.0,1.12109709573064,0.8647654613906466,0.5459403853152303,1.0170023073278431,0.37454152725690226,45.89192885348995
2017-06-30,6.814071507165323,1.0,1.0,0.0,0.0,0.0,0.010005527828627504,0.400500223316778,1.2331369230599392,0.013800858720098175,0.9430055180851014,1.9517276973216013,-0.173230128285482,-0.9903055824566644,-0.04052926594223563,0.011488169369568365,0.03280533026655598,0.0015888030103951697,0.08225098179365121,0.0,0.0,0.0,0.6931039910418662,0.0010871137081181815,0.03936361305497238,1.1765301571356668,23.909447909693608,39.63663513569341
2017-09-30,6.8771309403786915,1.0,0.0,1.0,0.0,0.0,0.009908732050505856,0.2742345604400982,1.0734678847376575,0.013764243218715277,0.9221395363133524,1.9734135606251897,-0.173230128285482,-0.9903055824566644,-0.025460796020366272,0.013297559432752994,0.0001605665257484779,0.11158998019586867,0.07170182375302693,0.0,0.0,0.0,0.26040766542244853,1.0621654609900828,-0.47277993692243125,1.0207116492940176,27.829507303852456,0.37454152725690226
2017-12-31,6.94019037359206,1.0,0.0,0.0,1.0,0.0,0.009809793213361331,0.27634170591972074,0.020762633381914437,0.013726562888546123,0.9323855311612306,1.9950994239287496,1.9517276973216013,-0.6058575047115671,-0.009116711913562947,0.011528073247263427,0.011488169369568365,0.12928066041831443,0.0015888030103951697,0.0,0.0,0.0,-0.17228866019697264,1.2331369230599392,-0.9849234868998349,0.006214708638776541,24.414786451780767,23.909447909693608
2018-03-31,7.069597177406281,1.0,0.0,0.0,0.0,0.0,0.05583646775537558,0.20686746800148528,0.8678823256804544,0.013540695677770831,0.9426315260092224,1.9950994239287496,1.9734135606251897,-0.6125892547639169,-0.0034305810484537014,0.0001156450404267523,0.013297559432752994,0.11187977944838365,0.11158998019586867,0.0,0.0,0.0,0.3584800621605453,1.0734678847376575,-0.8915025152419753,0.1904976009719222,1.141268413839988,27.829507303852456
2018-06-30,7.200441834596215,1.0,1.0,0.0,0.0,0.0,0.06365976174506616,0.10984354087876878,1.0054397449557344,-0.034851638511060545,0.9426315260091656,0.2522265705005964,1.9950994239287496,-0.6193210048162681,0.002266573689067908,0.02426459965285199,0.011528073247263427,0.0003094774454799316,0.12928066041831443,0.0,0.0,0.0,0.8946702503439568,0.020762633381914437,-0.7997644810972032,0.22003507558156257,26.04190981630802,24.414786451780767
2018-09-30,7.3327243451618624,1.0,0.0,1.0,0.0,0.0,0.05326731484559911,0.006234965126162689,0.8700381770975049,-0.03651135964692309,0.827961852432054,0.25502908795060364,1.9950994239287496,-0.6193210048162681,0.007999871604383507,0.02848026507255972,0.0001156450404267523,0.01457063702370907,0.11187977944838365,0.0,0.0,0.0,1.4367526383975147,0.8678823256804544,-0.7070183366871041,0.1889381301483526,30.110669854443884,1.141268413839988
2018-12-31,7.46500685572751,1.0,0.0,0.0,1.0,0.0,0.008807923574551972,0.006282872941191111,0.002683206176402094,-0.038311384102857615,0.8371614285702549,0.2578316054005967,0.2522265705005964,0.2521580263034746,0.013708090126282602,0.02508922250339304,0.02426459965285199,0.016952195835081146,0.0003094774454799316,0.0,0.0,0.0,1.9788350264510726,1.0054397449557344,-0.614272192277005,0.006445159984345487,25.921952057409516,26.04190981630802
2019-03-31,7.438932954574166,1.0,0.0,0.0,0.0,0.0,0.05346692779381664,0.08934959457387341,0.2139963234950817,-0.03983761840324762,0.8463610047083421,0.2578316054006109,0.25502908795060364,0.2549597821512908,0.0015449658184929216,0.0021644473080087425,0.02848026507255972,0.014852039731701483,0.01457063702370907,0.0,0.0,0.0,1.5539597447458213,0.8700381770975049,-0.3997683095232446,0.43462914233420813,0.6084602284293376,30.110669854443884
2019-06-30,7.412569343408007,1.0,1.0,0.0,0.0,0.0,0.061033877472319954,0.1752225188806299,0.24818628112441896,-0.0395738203957382,0.8463610047083421,-0.1710870579837689,0.2578316054005967,0.2577615379991074,-0.01102393489791667,0.001518647345393667,0.02508922250339304,0.0006251987316578336,0.016952195835081146,0.0,0.0,0.0,1.1243636265771748,0.002683206176402094,-0.18288105029444268,0.5039587484870914,26.130408447711954,25.921952057409516
2019-09-30,7.385916022229034,1.0,0.0,1.0,0.0,0.0,0.051169546245078176,0.23940702029963462,0.21541540721573377,-0.041662264483183664,0.7367129572549516,-0.1729880252946856,0.2578316054006109,0.2577615379991074,-0.024033421645767605,0.0013817880104143904,0.0021644473080087425,0.0003165391181077572,0.014852039731701483,0.0,0.0,0.0,0.6900466719451366,0.2139963234950817,0.03638958540940118,0.43714637919015187,30.40711165631958,0.6084602284293376
2019-12-31,7.35926270105006,1.0,0.0,0.0,1.0,0.0,0.007837210621259114,0.24124656021686472,0.0018200376341559726,-0.043951198000881986,0.7448986567799807,-0.17488899260563073,-0.1710870579837689,0.38098297328478425,-0.03737800016602222,0.0020224306717558805,0.001518647345393667,0.0002715409283932612,0.0006251987316578336,0.0,0.0,0.0,0.2557297173131019,0.24818628112441896,0.25566022111324505,0.002682477001535041,26.655594795796357,26.130408447711954
2020-03-31,6.241939466718399,1.0,0.0,0.0,0.0,0.0,0.016515649193640066,0.1584438753078952,0.00246692770295518,-0.04597170971709719,0.7530843563050098,-0.17488899260561652,-0.1729880252946856,0.3852161174323925,-0.03855854563719163,0.0027741218376371507,0.0013817880104143904,0.000561861319018654,0.0003165391181077572,0.0,0.0,0.0,0.14990131019201058,0.21541540721573377,0.28786645785857246,0.062091725564603927,1.1756461675461063,30.40711165631958
2020-06-30,5.124616232386738,1.0,1.0,0.0,0.0,0.0,0.0201181365956815,0.09549863185774722,0.0030198177226916606,-0.018281902925104454,0.7530843563050666,-0.1696585148800267,-0.17488899260563073,0.38944926158000115,-0.039846271846256776,0.012910500955035388,0.0020224306717558805,0.0006352072611467379,0.0002715409283932612,0.0,0.0,0.0,0.042897031880688274,0.0018200376341559726,0.3204305416788479,0.07238456521383742,36.62652654338378,26.655594795796357
2020-09-30,3.9950147207547286,1.0,0.0,1.0,0.0,0.0,0.016531499973346978,0.13690447937828704,0.0024664115872269987,-0.018622355011664538,0.7182387215677295,-0.1696585148800267,-0.17488899260561652,0.38944926158000204,-0.04125622532076287,0.015328008065465836,0.0027741218376371507,0.0004358967723559231,0.000561861319018654,0.0,0.0,0.0,-0.06528311762086858,0.00246692770295518,0.3533524725740713,0.06382095106021671,42.52370166938747,1.1756461675461063
2020-12-31,2.86541320912272,1.0,0.0,0.0,1.0,0.0,0.004556871640054384,0.1375042756372216,0.0010763998812365165,-0.019184252231212007,0.7182387215677295,-0.17152289416442557,-0.1696585148800267,0.23157519371057145,-0.04278974814922526,0.013642844131382496,0.012910500955035388,0.00047828220379958356,0.0006352072611467379,0.0,0.0,0.0,-0.17346326712242544,0.0030198177226916606,0.386274403469295,0.004052926960262517,36.755163504462715,36.62652654338378
2021-03-31,2.7885594517590846,1.0,0.0,0.0,0.0,0.0,0.02535273356916357,0.14633090874367494,1.8067146039734172,-0.01955948635088023,0.726131454771803,-0.17152289416442557,-0.1696585148800267,0.23157519371057056,-0.03746676878156682,0.0005698761254379584,0.015328008065465836,0.0004354948582849551,0.0004358967723559231,0.0,0.0,0.0,-0.1731061313464899,0.0024664115872269987,0.3489224585757418,0.07825695659830657,0.24943845263117548,42.52370166938747
2021-06-30,2.7108517637580754,1.0,1.0,0.0,0.0,0.0,0.02848130165101196,0.30447691249251013,2.0976729148144297,0.06914546640574049,0.7261314547717461,3.442527346013975,-0.17152289416442557,0.23411997605903956,-0.03170679141368704,0.044135428945719486,0.013642844131382496,0.0003819978214166458,0.00047828220379958356,0.0,0.0,0.0,-0.17227375374282516,0.0010763998812365165,0.3105122276452863,0.09114863558258007,25.79266361500768,36.755163504462715
2021-09-30,2.632290145119693,1.0,0.0,1.0,0.0,0.0,0.023462086902591297,0.4461798337533892,1.8264173144338656,0.06539217680157261,0.6733440799794153,3.480777649858581,-0.17152289416442557,0.23411997605903867,-0.025515054971269546,0.05004572346185061,0.0005698761254379584,0.000563904505158587,0.0004354948582849551,0.0,0.0,0.0,-0.17143222913252387,1.8067146039734172,0.2716799062650459,0.07852206769775222,29.90349559747764,0.24943845263117548
2021-12-31,2.55372852648131,1.0,0.0,0.0,1.0,0.0,0.0071630875002626155,0.4496081610155771,0.0366218777807251,0.06205299193158398,0.680825680868054,3.519027953703173,3.442527346013975,-0.32016884153471725,-0.018911999129715307,0.04264337664470211,0.044135428945719486,0.0005496502243633998,0.0003819978214166458,0.0,0.0,0.0,-0.17059070452222613,2.0976729148144297,0.23284758488480506,0.0014692307803590389,25.930649763215772,25.79266361500768
2022-03-31,4.029179142089232,1.0,0.0,0.0,0.0,0.0,0.04976610098684113,0.2855279308356361,2.134437288407824,0.05842739712895728,0.6883072817567495,3.519027953703173,3.480777649858581,-0.3237262731073258,0.002944843202995928,0.004583217894286656,0.05004572346185061,0.0005959190275963256,0.000563904505158587,0.0,0.0,0.0,0.7324557607012743,1.8264173144338656,0.09491157607348288,0.27672287865937206,0.1274446724558757,29.90349559747764
2022-06-30,5.52102365342613,1.0,1.0,0.0,0.0,0.0,0.05694118177748246,0.26782506993612587,2.474357172079234,0.0,0.6883072817567495,-0.7624443957366367,3.519027953703173,-0.3272837046799335,0.023948476156305215,0.03110904822680361,0.04264337664470211,0.0006352072611479742,0.0005496502243633998,0.0,0.0,0.0,1.6450648018859262,0.0366218777807251,-0.04391379063099121,0.32104902498898824,19.83898220615093,25.930649763215772
2022-09-30,7.029262060492005,1.0,0.0,1.0,0.0,0.0,0.04792571111119576,0.425442870455842,2.1449831298060986,0.0,0.5865314715700265,-0.7709160001336954,3.519027953703173,-0.3272837046799335,0.04425778719700421,0.03481117400050959,0.004583217894286656,0.0006352072611356052,0.0005959190275963256,0.0,0.0,0.0,2.5677025138528258,2.134437288407824,-0.18426471081573448,0.2789382481963721,23.02205243690047,0.1274446724558757
2022-12-31,8.53750046755788,1.0,0.0,0.0,1.0,0.0,0.006239568115971312,0.42871186040327847,0.008110943695753233,0.0,0.5930484879208393,-0.7793876045307826,-0.7624443957366367,-0.3386869219811741,0.06375450806696359,0.02921369856447864,0.03110904822680361,0.0006352072611331313,0.0006352072611479742,0.0,0.0,0.0,3.4903402258197254,2.474357172079234,-0.3246156310004775,0.00340598142452903,20.015264163938433,19.83898220615093
2023-03-31,7.681273372295848,1.0,0.0,0.0,0.0,0.0,0.03468303261826264,0.3253438690063951,1.0150895853869235,0.0,0.5995655042715953,-0.7793876045307826,-0.7709160001336954,-0.3424501100031865,0.04646814146552847,0.0,0.03481117400050959,0.0006352072611386974,0.0006352072611356052,0.0,0.0,0.0,2.4390972903820725,2.1449831298060986,-0.32924515111209174,0.006514076958096471,0.29229044945605703,23.02205243690047
2023-06-30,6.815532642642015,1.0,1.0,0.0,0.0,0.0,0.03952349136125169,0.17957245458953341,1.179556351682935,0.0,0.5995655042715953,-2.806727195727291,-0.7793876045307826,-0.34621329802519973,0.030120097265135315,0.0,0.02921369856447864,0.0006352072611461187,0.0006352072611331313,0.0,0.0,0.0,1.3761738778840034,0.008110943695753233,-0.3339261103360569,0.00782233988237854,49.63745769501277,20.015264163938433
2023-09-30,5.940278278596383,1.0,0.0,1.0,0.0,0.0,0.033047271386937443,0.031023377135616273,1.0295776453404324,0.0,0.5282997608818505,-2.837913053457598,-0.7793876045307826,-0.34621329802519973,0.01460684928223932,0.0,0.0,0.0006352072611461187,0.0006352072611386974,0.0,0.0,0.0,0.3015699883255145,1.0150895853869235,-0.33865850867237346,0.008182054673894802,57.668478882574526,0.29229044945605703
2023-12-31,5.06502391455075,1.0,0.0,0.0,1.0,0.0,0.005620094578800273,0.03126175252051437,0.029858185569551204,0.0,0.534169758224948,-2.869098911187905,-2.806727195727291,0.9031442097587101,0.0,0.0,0.0,0.0006352072611467372,0.0006352072611461187,0.0,0.0,0.0,-0.7730339012329743,1.179556351682935,-0.34339090700869,0.0036029782266295274,50.30661290719154,49.63745769501277
2024-03-31,5.568796819503753,1.0,0.0,0.0,0.0,0.0,0.26905577481378784,0.06122322292551524,2.0953880908018343,0.0,0.5400397555680456,-2.869098911187905,-2.837913053457598,0.9131791454226965,0.0,0.0,0.0,0.0006352072611467372,0.0006352072611461187,0.0,0.0,0.0,-1.2841046012306379,1.0295776453404324,-0.032933124073718956,0.6240540773244707,1.3537931867794497,57.668478882574526
2024-06-30,6.072569724456756,1.0,1.0,0.0,0.0,0.0,0.31179209825032805,0.09456234509363227,2.425487927495343,0.0,0.5400397555681025,1.3319694123789674,-2.869098911187905,0.9232140810866811,0.0,0.0,0.0,0.0006352072611467372,0.0006352072611467372,0.0,0.0,0.0,-1.8008538645616134,0.029858185569551204,0.2809741897827518,0.7242253170154401,17.882409425433224,50.30661290719154
2024-09-30,6.581878595398252,1.0,0.0,1.0,0.0,0.0,0.27001987778405223,0.11857668657284809,2.1029849857267946,0.0,0.0,1.3319694123789674,-2.869098911187905,0.923214081086682,0.0,0.0,0.0,0.030409840870074038,0.0006352072611467372,0.0,0.0,0.0,-2.323281691225894,2.0953880908018343,0.598331034560722,0.6297495255596629,20.906600689581463,1.3537931867794497
2024-12-31,7.09118746633975,1.0,0.0,0.0,1.0,0.0,0.0,0.1190961863972966,0.008450691195507854,0.0,0.0,1.346606438888628,1.3319694123789674,0.0,0.0,0.0,0.0,0.03524008395248632,0.0006352072611467372,0.0,0.0,0.0,-2.8457095178901746,2.425487927495343,0.9156878793386924,0.009607719430216332,17.94030571822064,17.882409425433224
2025-03-31,7.09118746633975,1.0,0.0,0.0,0.0,0.0,0.0,0.08861273520102644,0.6708991977883043,0.0,0.0,1.346606438888628,1.3319694123789674,0.0,0.0,0.0,0.0,0.030518807934349478,0.030409840870074038,0.0,0.0,0.0,-1.81103536586361,2.1029849857267946,0.6899018268990149,0.45995887773946315,0.5955962204167956,20.906600689581463
2025-06-30,7.09118746633975,1.0,1.0,0.0,0.0,0.0,0.0,0.04627649169451104,0.7774635899848324,0.0,0.0,0.0,1.346606438888628,0.0,0.0,0.0,0.0,0.0,0.03524008395248632,0.0,0.0,0.0,-0.7685647494044687,0.008450691195507854,0.4616070405433408,0.5330178982350661,47.28430103227407,17.94030571822064
2025-09-30,7.09118746633975,1.0,0.0,1.0,0.0,0.0,0.0,0.0,0.6733032194443134,0.0,0.0,0.0,1.346606438888628,0.0,0.0,0.0,0.0,0.0,0.030518807934349478,0.0,0.0,0.0,0.2853615881146645,0.6708991977883043,0.2308035202716705,0.46160704054336155,54.7948522694091,0.5955962204167956
2025-12-31,7.09118746633975,1.0,0.0,0.0,1.0,0.0,0.0,0.0,0.0,0.0,0.0,0.0,0.0,0.0,0.0,0.0,0.0,0.0,0.0,0.0,0.0,0.0,1.3392879256337977,0.7774635899848324,0.0,0.0,47.453734061924095,47.28430103227407
